user_name,text,user_location,user_description,user_created,user_followers,user_friends,user_favourites,user_verified,date,hashtags,source
The Times Of India,"#Microsoft is increasing chat limits on #ChatGPT-powered Bing 

https://t.co/TmufSzsBfA 

via @gadgetsnow",,"News. Views. Analysis. Conversations. India‚Äôs No.1 digital news destination, world‚Äôs largest-selling English newspaper - A Times Internet Limited Product",2010-04-19 10:50:15+00:00,14687007,322,12,TRUE,2023-02-22 06:56:29+00:00,"['Microsoft', 'ChatGPT']",Twitter Web App
CGTN,"""I think after #ChatGPT, the development of a country is contingent to whether it can develop such high-quality AI based digital infrastructure,"" Yu Yang, assistant professor of the Institute for Interdisciplinary Sciences at Tsinghua University told CGTN. https://t.co/C95Ehi9Etj","Beijing, China",CGTN is an international media organization. It aims to provide global audiences with accurate and timely news coverage as well as rich audiovisual services.,2013-01-24 03:18:59+00:00,13119622,75,230,TRUE,2023-02-18 14:45:00+00:00,['ChatGPT'],Twitter Media Studio
IndiaToday,"We‚Äôre all acquainted with ChatGPT‚Äôs brilliance and its popularity. But a computer science major in the US is fighting to combat the misuse of this platform. Who is he? Watch this video to find out.

#NewsMo #ChatGPT #GPTZero #EdwardTian #US #AI https://t.co/2kyuGPN8RA",India,"Brings you news breaks: Exclusive political, entertainment, sports insight, unbiased-nonaligned. https://t.co/4QkZBcgPH5 | https://t.co/pHGbf52QVE",2009-02-02 07:21:54+00:00,6251702,114,4442,TRUE,2023-02-22 15:14:18+00:00,,Twitter Media Studio
Economic Times,"A team from #China's #FudanUniversity apologised after a #ChatGPT-like chatbot platform they developed crashed hours after it launched to the public, due to a sudden surge of traffic.

https://t.co/IcAdDAlxlz",,"India's No. 1 Business Daily that brings you the latest #news updates | A Times Internet Product
https://t.co/znMsuwpkih",2009-05-13 12:54:58+00:00,4326793,45,463,TRUE,2023-02-22 06:47:37+00:00,"['China', 'FudanUniversity', 'ChatGPT']",TweetDeck
CoinDesk,"LIVE: @Coinbase's Q4 earnings beat expectations, hundreds of #ChatGPT tokens lure crypto punters and more.

@panthonylg of @PastelNetwork, @DotNever of @SingularityDAO and @BillHughesDC of @ConsenSys join ""First Mover"": https://t.co/EmPhW31tVm","New York, USA","Join us at @Consensus2023 April 26-28: https://t.co/KwgX2TEYiw

Follow @CoinDeskMarkets @CoinDeskPodcast @CoinDeskES @CoinDeskChinese @Consensus2023 @CoinDeskStudios",2013-04-07 07:50:08+00:00,3058534,1576,5857,TRUE,2023-02-22 14:00:11+00:00,['ChatGPT'],Twitter Web App
Republic,#ChatGPT quizzes UK Prime Minister #RishiSunak and #Microsoft co-founder #BillGates in an interview - Watch here https://t.co/Hu6xlK57pL,"Mumbai, India",Official handle of the Republic Media Network. DIGITAL. TV. MEDIA | Subscribe to Telegram here - https://t.co/CWl0t6nwJ6,2016-12-22 16:31:35+00:00,2856197,6,5,TRUE,2023-02-19 15:52:23+00:00,"['ChatGPT', 'RishiSunak', 'Microsoft', 'BillGates']",Republicworld
DNA,"Meet #PrabhakarRaghavan, #IITMadras alumnus spearheading #Google's war with #ChatGPT 

https://t.co/rJcy4mZYPl",India,"Follow us for news, photos, videos and the latest trends from India and around the world.",2008-11-28 15:39:38+00:00,2301195,18,133,TRUE,2023-02-22 11:10:23+00:00,"['PrabhakarRaghavan', 'IITMadras', 'Google', 'ChatGPT']",Twitter Web App
DNA,"#Microsoft increases chat limit for #ChatGPT-backed Bing AI

Check new limit!

https://t.co/xknZsXb4qE",India,"Follow us for news, photos, videos and the latest trends from India and around the world.",2008-11-28 15:39:38+00:00,2301195,18,133,TRUE,2023-02-22 07:43:45+00:00,"['Microsoft', 'ChatGPT']",Twitter Web App
India TV,"Microsoft Bing AI increases chat limits: Know-more

#microsoft #bingai #artificialintelligence  #chatbot #chatgpt #technews #indiatvtech #technology 

https://t.co/j0mipJH1bU",India,India‚Äôs most watched Hindi News Channel. Follow for latest/breaking News Alerts from all over the Globe. FB:https://t.co/IJtJpoipue,2009-04-22 11:26:34+00:00,2242954,31,168,TRUE,2023-02-22 07:53:26+00:00,"['microsoft', 'bingai', 'artificialintelligence', 'chatbot', 'chatgpt']",TweetDeck
Business Standard,"#China slams #ChatGPT saying it is spreading #US government ""misinformation"" and directing Internet companies not to use it in their applications.
 https://t.co/fHpvVzfbcz",India,"Latest news on the economy, companies, markets, politics and technology from India's leading business daily.",2009-06-01 08:52:08+00:00,2233888,463,220,TRUE,2023-02-22 14:37:42+00:00,"['China', 'ChatGPT', 'US']",Echobox
Digital Trends,"#ChatGPT has proven to be a fascinating (and sometimes unhinged) technology. So, what happens when you let it take over your phone's keyboard? https://t.co/pY1eyIkMEJ","Portland, OR && New York, NY",Tech for the way we live. | TikTok & Instagram: @DigitalTrends,2008-05-13 20:01:41+00:00,1970193,1107,11661,TRUE,2023-02-22 15:36:08+00:00,['ChatGPT'],dlvr.it
Digital Trends,Wannabe novelists who don‚Äôt want to put in the time or effort to create their literary masterpiece are turning to #ChatGPT for help. https://t.co/MQCYrQkcTm,"Portland, OR && New York, NY",Tech for the way we live. | TikTok & Instagram: @DigitalTrends,2008-05-13 20:01:41+00:00,1970193,1107,11661,TRUE,2023-02-22 10:55:34+00:00,,dlvr.it
Harsh Goenka,What #ChatGPT can do üëå! https://t.co/o2W5M66gp2,Mumbai,"Chairman - RPG Enterprises. Loves people, food, sports, art. Happiness addict.",2009-05-12 12:34:16+00:00,1789110,96,170461,TRUE,2023-02-22 11:30:58+00:00,['ChatGPT'],Twitter for iPhone
CricketNDTV,"As opinions over #KLRahul's place in the Indian Test team remain divided, AI-based technological platform #ChatGPT has given its verdict on the selection saga.

https://t.co/J6ozVl7kpG",India,Catch all the latest news from the world of Cricket!,2009-09-04 08:21:55+00:00,1752008,3,6,TRUE,2023-02-22 05:54:32+00:00,"['KLRahul', 'ChatGPT']",TweetDeck
Business Today,"The #MOSS platform is designed by Fudan University in #China to provide a conversational #AI experience, similar to that of #OpenAI's #ChatGPT 

https://t.co/s8IyWO07Iu",India,"News, analysis & immersives from #BTMultiverse. Online I On Stands I On Air| Follow https://t.co/FJaEakFf2p",2010-06-30 14:55:57+00:00,1165605,423,2099,TRUE,2023-02-22 06:10:40+00:00,"['MOSS', 'China', 'AI']",Twitter Web App
Business Today,"#ChatGPT appears ready to upend the staid book industry. Read more here

https://t.co/G7t80sWBe7",India,"News, analysis & immersives from #BTMultiverse. Online I On Stands I On Air| Follow https://t.co/FJaEakFf2p",2010-06-30 14:55:57+00:00,1165605,423,2099,TRUE,2023-02-22 03:16:33+00:00,['ChatGPT'],Twitter Web App
CNBC-TV18,"#TechTalk | #ChatGPT launches boom in #AI-written e-books on #Amazon, with people using it to create e-books and publishing them through Amazon‚Äôs #Kindle Direct Publishing arm. 

Details‚¨áÔ∏è

https://t.co/htMkhYbkOb",,"Follow business news with India's Leading Business News Channel, CNBC-TV18. For more updates, follow @CNBCTV18Live.

Telegram: https://t.co/OggDVLUjbE",2012-07-10 08:32:06+00:00,1090912,184,953,TRUE,2023-02-22 06:15:00+00:00,"['TechTalk', 'ChatGPT', 'AI', 'Amazon']",TweetDeck
ET NOW,"ChatGPT is known for being multi-functional and having the answer to almost anything under the sun

But, does it have the answers to your investment queries? 

Can GPT help you with you make money? We asked ChatGPT a few questions, and this is how it went.

@snehishah11 #ChatGPT https://t.co/mg2HtCD46M",India,"Youtube: https://t.co/tFjnvDySph 
Facebook: https://t.co/GYhgJ1VHEv 
Instagram: https://t.co/FrkPrunzxI",2010-12-10 12:49:29+00:00,820232,96,39,TRUE,2023-02-17 15:10:02+00:00,,Twitter Media Studio
VentureBeat,"Is #SkyNet becoming a reality? With #AI models exhibiting what some consider to be sentience and personality, we must consider #EthicalAI and #ResponsibleAI: #ArtificialIntelligence #ChatGPT #OpenAI #Bing #GenerativeAI @garyg02 @EdelmanPR https://t.co/yUXFrF8f3g",San Francisco + NYC,Obsessed with covering transformative technology.,2009-07-27 16:34:47+00:00,713399,1548,1789,TRUE,2023-02-21 16:07:22+00:00,"['SkyNet', 'AI']",Jetpack.com
VentureBeat,"Generative #AI has emerged as a tool for artists, writers, marketers and others. But while its future is promising, legal implications abound. Here's why we should expect more legal and regulatory action: #ChatGPT #GenerativeAI https://t.co/vkvVazoYsq",San Francisco + NYC,Obsessed with covering transformative technology.,2009-07-27 16:34:47+00:00,713352,1548,1789,TRUE,2023-02-18 16:20:25+00:00,['AI'],Jetpack.com
WION,"After a six-hour flight delay, a woman utilised AI bot #ChatGPT and instructed it to send an airline a ""polite but passively aggressive and firm"" email. The email that AI drafted after was nothing short of perfection.

https://t.co/LmRDbZOFBz",India,"WION: World Is One | Welcome to India‚Äôs first global news network. We present global stories with an Indian perspective. 
Download App - https://t.co/2i3wWb5uaN",2016-03-21 03:44:54+00:00,476066,97,7223,TRUE,2023-02-19 15:50:00+00:00,['ChatGPT'],TweetDeck
Carl Quintanilla,"ah, the use-case you were waiting for.

$MSFT #ChatGPT https://t.co/FdkfUbPfSq",nyc,"23 years @CNBC & @NBCNews / Peabody Award, Emmy, Murrow, duPont winner / @WSJ alum / Board member, @NYCityCenter",2010-02-16 15:59:04+00:00,401179,5697,4878,TRUE,2023-02-17 15:14:08+00:00,['ChatGPT'],TweetDeck
Shanghai Daily,"#AI language model #ChatGPT remains a hot, global topic. It can not only answer your questions, but also help with your school or office work. #ShanghaiDaily hit the streets and collected some questions for ChatGPT. https://t.co/kNXPBOA9mh",Shanghai,"@ShanghaiDaily, the official English-language newspaper in Shanghai, provides you with breaking news, in-depth opinions and insightful analysis.",2009-01-18 09:16:43+00:00,390815,1059,1700,TRUE,2023-02-18 16:48:12+00:00,"['AI', 'ChatGPT']",Twitter Web App
TOI Mumbai,"There is a chance that you will have to be ready with some answers when you open #ChatGPT as it may scrutinise you or ask tricky questions!
 
https://t.co/6C0TPfztCg",Mumbai,Your city. Your neighborhood. Your block. Covered for you by https://t.co/VSKi1mkZBr,2009-04-13 12:56:14+00:00,385890,81,35,TRUE,2023-02-22 10:45:00+00:00,['ChatGPT'],TweetDeck
newslaundry,"Since several news anchors failed to bring informed and intelligent discussions on #GeorgeSoros, we thought may as well buck the trend and rely on #ChatGPT to make sense of this international plot against India.

Here are excerpts from the conversation.

https://t.co/ttKBRxbdOs",,"News, Current Affairs & Media Critique | Sabki Dhulai
Subscribe: https://t.co/xv1eF3C84z‚Ä¶
Contribute to NL Sena: https://t.co/PYEBYfFOTq",2011-09-13 06:32:41+00:00,342747,143,851,TRUE,2023-02-22 09:00:01+00:00,['GeorgeSoros'],Twitter Web App
Buddhisagar,"@paulocoelho Congratulations on valuing the magic and integrity of ""The Alchemist"" by avoiding a potential disappointment. Your commitment to literature is inspiring, and your taste is excellent. Keep spreading the love for books!
(This response is generated by #ChatGPT FYI @elonmusk .","Kathmandu, Nepal",Writer of Karnali Blues (2010) and Firfire (2016) Eklo (2022),2009-10-23 12:19:53+00:00,329688,1070,27653,TRUE,2023-02-22 15:17:40+00:00,,Twitter for Android
Kaspersky,"Malicious (and fake) #ChatGPT client for #Windows
#cybercriminals are distributing a #TrojanStealer under the guise of a ChatGPT desktop client for Windows.

We delve into the details and ways to protect yourself.
üòâüëâhttps://t.co/uhffUMPL5d https://t.co/jhi4tJXp3T",,"Kaspersky is the world‚Äôs largest privately held vendor of Internet security solutions for businesses and consumers. For help and support, tweet @kl_support",2008-02-24 16:15:38+00:00,321712,152,3087,TRUE,2023-02-22 14:19:39+00:00,"['ChatGPT', 'Windows', 'cybercriminals', 'TrojanStealer']",Agorapulse app
Kaspersky,"#ChatGPT is a groundbreaking chatbot powered by the neural network-based language model text-davinci-003 and trained on a large dataset of text from the Internet.

Can it detect #IoC ?? FIND OUT‚û°Ô∏èhttps://t.co/5zX2Hlfhu8 https://t.co/4T3NXQglAi",,"Kaspersky is the world‚Äôs largest privately held vendor of Internet security solutions for businesses and consumers. For help and support, tweet @kl_support",2008-02-24 16:15:38+00:00,321712,152,3087,TRUE,2023-02-22 10:01:48+00:00,['ChatGPT'],Agorapulse app
Times Higher Education,"Opinion: #ChatGPT reveals the uncomfortable truth about graduate skills. James Warren argues that #AI-written essays have exposed the unambitious and unoriginal thinking that #universities require from undergraduates
https://t.co/s4Gjh8g3b6 https://t.co/OMFYMA7iFq",Global,"Global HE news, data, insights and events. Home of @THEWorldUniRank, @THEworldsummits, best practice at THE Campus, and @THEuniadvice for students.",2009-03-10 15:08:03+00:00,315336,3521,5935,TRUE,2023-02-22 15:30:10+00:00,"['ChatGPT', 'AI']",Sprout Social
Times Higher Education,"On #THECampus: How to use #ChatGPT as a tool to spur students‚Äô inner feedback and thus aid their learning and skills development
https://t.co/wChTAJqKck",Global,"Global HE news, data, insights and events. Home of @THEWorldUniRank, @THEworldsummits, best practice at THE Campus, and @THEuniadvice for students.",2009-03-10 15:08:03+00:00,315336,3521,5935,TRUE,2023-02-22 12:41:00+00:00,"['THECampus', 'ChatGPT']",Sprout Social
Times Higher Education,"Opinion: To outwit #ChatGPT, lecturers must embrace it

Forcing undergraduates to use #AI #chatbots as a learning tool will help students and educators, argues @danbutin
https://t.co/kpZtTcFI3P https://t.co/SgWDSluDxd",Global,"Global HE news, data, insights and events. Home of @THEWorldUniRank, @THEworldsummits, best practice at THE Campus, and @THEuniadvice for students.",2009-03-10 15:08:03+00:00,315336,3521,5935,TRUE,2023-02-22 08:59:05+00:00,"['ChatGPT', 'AI', 'chatbots']",Sprout Social
BQ Prime,"#JPMorgan curbs its staff‚Äôs use of the #ChatGPT chatbot, according to a person familiar with the matter.

https://t.co/5ToaPOrjJj","Mumbai, India","#BQPrime is amongst #India‚Äôs youngest and most credible financial #news platforms.

Follow us on Telegram: https://t.co/NmDkcmO8Ab",2016-03-29 08:30:59+00:00,297756,125,54,TRUE,2023-02-22 13:45:00+00:00,"['JPMorgan', 'ChatGPT']",TweetDeck
BQ Prime,"#Amazon‚Äôs cloud unit is expanding a partnership with AI startup Hugging Face, which is developing a #ChatGPT rival.  

https://t.co/npul5ZcKcU","Mumbai, India","#BQPrime is amongst #India‚Äôs youngest and most credible financial #news platforms.

Follow us on Telegram: https://t.co/NmDkcmO8Ab",2016-03-29 08:30:59+00:00,297756,125,54,TRUE,2023-02-22 02:38:18+00:00,"['Amazon', 'ChatGPT']",TweetDeck
Glen Gilmore | üåªü•Ω #MWC23,"#AI is exploding the doors üö™ off creativity üí• 

#Innovation / collaboration with #ArtificialIntelligence in the #Metaverse üé® ü•Ω

@CurieuxExplorer #VR #AR #XR #dalle #unity2d #ChatGPT #MWC2023 #MWC23 #designinspiration 
 https://t.co/qR4a51rBRl",GlenGilmore@GlenGilmore.com,"he/him Esq ‚öñÔ∏è | TIME ""man of action"" üìïAuthor | üèõFormer Mayor | @RutgersU Adj | #TechForGood #Web3 #SDGs | Speaker | @TravelEsquire @HealthcareLdr #MWC23",2008-11-18 13:19:33+00:00,287284,38996,5290,TRUE,2023-02-20 16:55:19+00:00,"['AI', 'Innovation', 'ArtificialIntelligence']",Twitter for iPhone
Glen Gilmore | üåªü•Ω #MWC23,"Top 10 Industries Using #ChatGPT #OpenAI | @welcomeai #AI

1Ô∏è‚É£ #GovTech
2Ô∏è‚É£ #HR
3Ô∏è‚É£ #Retail #RetailTech
4Ô∏è‚É£ #Manufacturing #SCM
5Ô∏è‚É£ #LegalTech
6Ô∏è‚É£ #Healthcare
7Ô∏è‚É£ #Finance #FinTech
8Ô∏è‚É£ #Education
9Ô∏è‚É£ #CustomerService #CX
üîü #Marketing

#MWC23 #MWC

v/ @anand_narang https://t.co/Cm8TSZreIN",GlenGilmore@GlenGilmore.com,"he/him Esq ‚öñÔ∏è | TIME ""man of action"" üìïAuthor | üèõFormer Mayor | @RutgersU Adj | #TechForGood #Web3 #SDGs | Speaker | @TravelEsquire @HealthcareLdr #MWC23",2008-11-18 13:19:33+00:00,287261,38978,5291,TRUE,2023-02-22 06:13:11+00:00,"['ChatGPT', 'OpenAI', 'AI', 'GovTech', 'HR', 'Retail', 'RetailTech']",Twitter for iPhone
Pam Moore,"Limitless Digital Mindset: Smash Limiting Beliefs and Unleash Digital Transformation https://t.co/VufIpzP59y 

#marketing #tech #digitaltransformation #ai #tech #Chatgpt #web3","Orlando, FL",Founder @MktgNutz #Speaker #Web3 #Digital üß° God Family Beach & Life! #Forbes Top 5 #SocialMedia #Influencer 50% Marketing 50% Nut https://t.co/f4g7yHgvmt,2009-02-19 05:39:14+00:00,282256,127527,11800,TRUE,2023-02-18 14:59:31+00:00,,Twitter Web App
Pluralsight,"Learn how to use ChatGPT as a developer with @svpino, @Saboo_Shubham_, &amp; @JeremyCMorgan. 

üîîHit that reminder and see you soon 

#ChatGPT #Developers  #upskilling

https://t.co/GxGwn4WNyO",Anywhere,"Hi there üëã we're here to give you and your tech teams the skills and insights to thrive. 

For support/product/billing questions: https://t.co/iJnLZ1vFSR",2009-01-20 19:44:26+00:00,253216,2377,51028,TRUE,2023-02-22 15:33:55+00:00,,Twitter Web App
Yicai Global Á¨¨‰∏ÄË¥¢Áªè,"The strongest AI is that used combined with human intelligence, not to replace it,¬†Mauro Guill√©n,¬†dean of Cambridge¬†Judge¬†Business School,¬†told Yicai Global during an interview on #ChatGPT. @MauroFGuillen https://t.co/mV98kJwPlu https://t.co/lH6y9qb6v4","Shanghai, China","Provides news coverage on China‚Äôs economy, businesses, markets and TMT sector. ‰∏≠ÂõΩÊúÄÂ§ßË¥¢ÁªèÂ™í‰ΩìÁ¨¨‰∏ÄË¥¢ÁªèËã±ÊñáËµÑËÆØÊúçÂä°ÁöÑÂÆòÊñπË¥¶Âè∑",2016-03-29 05:21:59+00:00,239165,2325,1078,TRUE,2023-02-22 09:19:00+00:00,,Buffer
Yicai Global Á¨¨‰∏ÄË¥¢Áªè,"Regardless of how history views #ChatGPT, it has certainly succeeded at grabbing the spotlight. Still, the brouhaha should not obscure ChatGPT‚Äôs developmental stage as a rudimentary tool that represents more of a beginning, with huge room for improvement. #AI @ProSyn https://t.co/VXBerZLdmh","Shanghai, China","Provides news coverage on China‚Äôs economy, businesses, markets and TMT sector. ‰∏≠ÂõΩÊúÄÂ§ßË¥¢ÁªèÂ™í‰ΩìÁ¨¨‰∏ÄË¥¢ÁªèËã±ÊñáËµÑËÆØÊúçÂä°ÁöÑÂÆòÊñπË¥¶Âè∑",2016-03-29 05:21:59+00:00,239165,2325,1078,TRUE,2023-02-22 07:23:21+00:00,['ChatGPT'],Twitter Web App
Yicai Global Á¨¨‰∏ÄË¥¢Áªè,"University faculties are thinking to use #ChatGPT to assign homework, solve problems in class as a tutorial toolkit to and a better financial software and database replacement, but students can't use it to cheat, said @MauroFGuillen, dean at @CambridgeJBS told YG. https://t.co/FnuasP2uZS","Shanghai, China","Provides news coverage on China‚Äôs economy, businesses, markets and TMT sector. ‰∏≠ÂõΩÊúÄÂ§ßË¥¢ÁªèÂ™í‰ΩìÁ¨¨‰∏ÄË¥¢ÁªèËã±ÊñáËµÑËÆØÊúçÂä°ÁöÑÂÆòÊñπË¥¶Âè∑",2016-03-29 05:21:59+00:00,239165,2325,1078,TRUE,2023-02-22 04:30:01+00:00,['ChatGPT'],Buffer
Digiday,"For all of the buzz ChatGPT creator OpenAI has generated, there‚Äôs hesitancy in the industry to fully embrace AI, at least for now. #chatgpt

Read more: https://t.co/dgCWLgvKQc https://t.co/K1YHmeiydG",New York,"Authority, insight, and honesty on digital media and marketing.",2009-02-11 23:40:05+00:00,190639,4463,8928,TRUE,2023-02-17 16:01:20+00:00,,Twitter Web App
Thoughtworks,"#ChatGPT is impressive, but it's important to acknowledge its limitations before we start applying it to problems. Read more on the blog. https://t.co/PQRRjCRIS1 https://t.co/vXW7lJMxZx",,We are a tech consultancy whose mission is to create an extraordinary impact on the world through our culture and technology excellence.,2009-03-06 01:20:09+00:00,181742,6795,13171,TRUE,2023-02-17 15:00:23+00:00,['ChatGPT'],Meltwater Social
Mark Schaefer,20 Entertaining Uses of #ChatGPT You Never Knew Were Possible https://t.co/UH5CpCub32,"Tennessee, USA","TED keynote speaker, marketing strategist, university educator, author of 9 books including ""KNOWN"" ""Marketing Rebellion"" and ""Cumulative Advantage.""",2008-11-26 03:51:06+00:00,169950,27254,618,TRUE,2023-02-18 15:45:05+00:00,['ChatGPT'],Twitter Web App
Dean Anthony Gratton,"@ControlShift6 @Ross_Quintana @RickKing16 @VRScout @cloudpreacher @xfxie @OpenAI @TamaraMcCleary @grattongirl #ChatGPT: Stop Panicking, It‚Äôs Not #HAL9000! https://t.co/9LieBjwsN0 

#AI #ArtificialIntelligence #Chatbots https://t.co/RpISErxid0",London | Toulouse,"A #technology #influencer, #analyst and #futurist. @TheInfluencers_ we cover #AI #IoT #IIoT #SmartHomes #SmartMeters #Energy #DigitalTransformation and more.",2009-05-01 09:06:18+00:00,153344,26134,47926,TRUE,2023-02-22 14:25:29+00:00,,Twitter Web App
Chitra Subramaniam,@samirsaran üôèüèº@samirsaran for drawing attention to this. Among key issues not being addressed is job losses especially in developing countries. #ChatGPT,Switzerland. India,"Media. Journalism as public good. Public health, politics, trade & tech as they affect societies. Music. In my view. @DelhiUniversity @IIMC_India @Stanford",2013-07-12 12:24:12+00:00,137293,809,14625,TRUE,2023-02-22 07:35:14+00:00,,Twitter for iPhone
BingX,1/7 We've recently fed #ChatGPT with our wiki page and crawling of online data and this is what we've found: https://t.co/EECxhWwpye,Global,"Trading Made Easy from #BingX, a Leading Crypto Exchange ‚ö°Ô∏è Follow https://t.co/ZqWyOopFz2 üëâ Trade Now https://t.co/o8VUFsgHF9 üê≥",2013-12-31 02:57:32+00:00,134533,101,606,TRUE,2023-02-22 11:33:32+00:00,['ChatGPT'],Twitter for Android
CEX.IO,"üöÄHave you tried #chatgpt? If you‚Äôre like us you were one of the early adopters. It‚Äôs not perfect but its definitely a phenomenon.

üåüAdd #web3 &amp; #crypto into the mix, and you‚Äôve got a potential revolution on your hands.

üìåWe discussed it in our blog. üëâ https://t.co/7W9fKMncvm",,"A leading cryptocurrency ecosystem and #crypto trading platform. Buy, sell, exchange, store, earn 140+ cryptocurrencies. Accepting Visa, MasterCard & more.",2013-09-30 15:50:46+00:00,132940,265,3341,TRUE,2023-02-18 17:00:01+00:00,['chatgpt'],Twitter for Advertisers
Spiros Margaris,"ChatGPT, #Bing Chat 

and the #AI ghost in the machine 

https://t.co/DFifwEmPHg #fintech #ChatGPT #ArtificialIntelligence #MachineLearning #DeepLearning #AGI #GenerativeAI @garyg02 @VentureBeat https://t.co/OvUeSIAwLl",All Over the World,#VC | No. 1 #Fintech @Refinitiv & @Onalytica | @TEDx | @natechsa @ai_mediastalker @GenTwoAG @investwithCARL @SparkLabsGlobal @HeradoHQ,2014-08-06 05:20:16+00:00,127732,20957,231072,TRUE,2023-02-22 03:15:01+00:00,"['Bing', 'AI', 'fintech', 'ChatGPT']",Buffer
Gene Marks CPA,"There are 27 things you can be using #chatgpt in your business right now.  I mean right now.
https://t.co/L73MRQdkmR","Philadelphia, PA","SMB columnist covering pub policy, tech, workplace for @Guardian, @TheHill, @PhillyInquirer, @WashTimes, @Forbes, @Entrepreneur.  President https://t.co/UA9636Gd6t.",2008-09-01 14:33:02+00:00,115592,3883,14894,TRUE,2023-02-17 15:29:13+00:00,['chatgpt'],Twitter Web App
Samir Saran,"Countries need to clamp down on #ChatGPT and other similar products.

They need to be put through multi- stage testing and various sandboxes before being made available - we are in unchartered territory here and impact could be consequential",New Delhi,"President, ORF (@orfonline); #Tech #Climate #ForeignPolicy; Curate @raisinadialogue; Chair #CyFy; Author #PaxSinica and #TheNewWorldDisorder; #Raisina2022",2009-08-23 15:17:29+00:00,110508,1331,47993,TRUE,2023-02-22 07:05:50+00:00,['ChatGPT'],Twitter for iPhone
businessline,"How to integrate ChatGPT with WhatsApp? Here are the steps. #Infotech #Whatsapp #ChatGPT

https://t.co/dBoAVfQDfB","Chennai, India","Business Daily from The Hindu group of newspapers
For latest updates, follow us on @Telegram here: https://t.co/XT9jKzEO20",2007-10-07 15:53:59+00:00,107341,753,1306,TRUE,2023-02-22 14:30:08+00:00,"['Infotech', 'Whatsapp', 'ChatGPT']",SocialFlow
businessline,"How to integrate ChatGPT with WhatsApp? Here are the steps. #Infotech #Whatsapp #ChatGPT

https://t.co/RPZIJiV5go","Chennai, India","Business Daily from The Hindu group of newspapers
For latest updates, follow us on @Telegram here: https://t.co/XT9jKzEO20",2007-10-07 15:53:59+00:00,107341,753,1306,TRUE,2023-02-22 12:05:03+00:00,"['Infotech', 'Whatsapp', 'ChatGPT']",SocialFlow
JACC Journals,"üì¢ The #JACC Journals Editors are now asking authors to disclose if #ChatGPT or other #AI tools contributed to the compilation of #JACCJournals article submissions ‚Äî and the nature of those contributions.

@JGrapsa @shivkumarmd @BiykemB @DLMann_MD @CandiceSilvers1 #CardioTwitter https://t.co/mrH3KvVbLJ","Washington, DC","Official account representing the ACC's #JACCJournals, one of the most widely read & most impactful CV journal programs in the world. @ACCinTouch #JACC",2015-04-23 19:47:36+00:00,89510,1151,5703,TRUE,2023-02-17 14:51:13+00:00,"['JACC', 'ChatGPT', 'AI']",Sprout Social
Amit Paranjape,"China tells big tech companies not to offer #ChatGPT services 

""Regulators have told major Chinese tech companies not to offer ChatGPT services to the public amid growing alarm in Beijing over the AI-powered chatbot's uncensored replies to user queries.""

https://t.co/ZecAFKCoCI","Pune, India","Diverse interests: Software, Healthcare, Aerospace, Technology, Science, Startups, Economics & Policy, Infrastructure, History, Cricket, City of Pune",2008-03-19 11:13:46+00:00,89065,894,261927,TRUE,2023-02-22 10:36:41+00:00,['ChatGPT'],Twitter Web App
Timothy Caulfield,"How Does #ChatGPT ‚Äî and Its Maker ‚Äî Handle Vaccine Conspiracies? https://t.co/l7q6vrGyIb by @brookeborel via @undarkmag 

""Company also has an in-house policy researcher exploring how ChatGPT could be used to spread disinformation"" &amp; ""collaborations with outside fact-checking...""","Edmonton, Alberta, Canada","Professor of health law and science policy, author, speaker, and TV host. #GoScience #ScienceUpFirst 
Instagram: https://t.co/HOSnxf13B4",2011-11-08 01:11:32+00:00,86061,5684,19884,TRUE,2023-02-17 14:48:31+00:00,['ChatGPT'],Twitter Web App
"Berci Mesk√≥, MD, PhD","#AI tools like #ChatGPT could generate some of the assignments submitted in my courses, so I started using two platforms to check whether the given text was AI-generated. In case you want to use similar tools, here they are.

https://t.co/A3DFDkZhWA

https://t.co/XdRymxb4NJ https://t.co/pGaig738py","Budapest, Hungary","Director of The Medical Futurist Institute, science fiction fanatic, health tracker with a mission to bring future technologies to healthcare. #digitalhealth",2007-03-22 21:38:21+00:00,85586,88,1118,TRUE,2023-02-22 14:00:28+00:00,"['AI', 'ChatGPT']",Hootsuite Inc.
IANS,"China has slammed #ChatGPT, the AI-driven chatbot by #Microsoft-owned #OpenAI that has become a rage, saying it is spreading US govt ""misinformation"" and directing Internet companies not to use it in their applications. https://t.co/E6EGd43ydr",New Delhi,India's largest independent News Agency,2010-05-08 13:21:45+00:00,85214,43,159,TRUE,2023-02-22 12:25:13+00:00,"['ChatGPT', 'Microsoft', 'OpenAI']",Twitter Web App
IANS,"Jio Haptik plans to use #ChatGPT AI to empower enterprises

Read: https://t.co/o4uE6TzfUh https://t.co/rDF9B5RvQn",New Delhi,India's largest independent News Agency,2010-05-08 13:21:45+00:00,85214,43,159,TRUE,2023-02-22 09:12:22+00:00,['ChatGPT'],Twitter Web App
The Peninsula Qatar,"#Baidu to implement #ChatGPT-like #ErnieBot chatbot from March

https://t.co/yOJMU9vUl3",Qatar,"News you can trust. Local Focus Global Vision. 
The official account of The Peninsula, a Qatari English daily newspaper.",2009-07-25 08:41:05+00:00,81212,269,830,TRUE,2023-02-22 13:30:00+00:00,"['Baidu', 'ChatGPT', 'ErnieBot']",TweetDeck
The Peninsula Qatar,"The launch of the OpenAI GPT feature comes in line with MCIT‚Äôs efforts to enable government entities with the latest technologies and support their digital transformation journey... #Qatar #OpenAI #ChatGPT 

https://t.co/sP4ZCQiEhH",Qatar,"News you can trust. Local Focus Global Vision. 
The official account of The Peninsula, a Qatari English daily newspaper.",2009-07-25 08:41:05+00:00,81212,269,830,TRUE,2023-02-22 05:17:00+00:00,,TweetDeck
TWiT Tech Podcasts,"In this Tech News Weekly interview, @JasonHowell  talks with @ManowarElves  of Digital Trends about his experience using @Microsoft's #ChatGPT-based chatbot. Download the full episode here for more: https://t.co/Xz5Jm6c6pp

https://t.co/ZEiIoeaki4","Petaluma, CA","Tech podcasts with @leolaporte, @jasonhowell, @mikahsargent, @ant_pruitt, and friends at https://t.co/G4hHTlMn2x and ad-free extras at https://t.co/E72WzMPzNe",2009-08-10 20:39:18+00:00,80791,688,11243,TRUE,2023-02-18 14:00:00+00:00,,eClincher
Tech2,"#FPTech2: #ElonMusk was one of the first backers of #OpenAI, the organisation that created #ChatGPT. However, he now believes that it has become a closed-source, maximum-profit company effectively controlled by #Microsoft, and not what he intended at all.
https://t.co/VRB6ub2hSI","Mumbai, India","India's most exciting science & technology destination. Follow us for news, gadget reviews and the latest in science.",2009-05-25 10:01:49+00:00,75907,576,1474,TRUE,2023-02-17 14:38:59+00:00,"['FPTech2', 'ElonMusk', 'OpenAI', 'ChatGPT']",TweetDeck
Tech2,"#FPTech2: Several ‚Äúself-proclaimed‚Äù authors are using #ChatGPT to write books, #DallE2 to generate illustrations and covers, and self-publishing them on #Amazon. Most of these authors don‚Äôt disclose that their books were coauthored by ChatGPT.
https://t.co/8PsobAUrv2","Mumbai, India","India's most exciting science & technology destination. Follow us for news, gadget reviews and the latest in science.",2009-05-25 10:01:49+00:00,75905,577,1473,TRUE,2023-02-22 07:07:37+00:00,"['FPTech2', 'ChatGPT', 'DallE2']",TweetDeck
Tech2,"#FPTech2: For an #AIChatbot that cleared #Wharton‚Äôs #MBA, four law courses, and #US medical licensure exam with ease, it is surprising that it failed primary  school exams. Seems that #OpenAI‚Äôs #ChatGPT isn‚Äôt coming for our jobs any time soon.
https://t.co/lVSFggsGM8","Mumbai, India","India's most exciting science & technology destination. Follow us for news, gadget reviews and the latest in science.",2009-05-25 10:01:49+00:00,75905,577,1473,TRUE,2023-02-22 03:51:10+00:00,"['FPTech2', 'AIChatbot', 'Wharton', 'MBA', 'US']",TweetDeck
LatestLY,"China Slams ChatGPT, Directs Local Internet Giants Not To Use Microsoft-Owned AI Chatbot
https://t.co/HfusIj9dnf
#China #ChatGPT #Internet #Microsoft #Chatbot #OpenAI @OpenAI @Microsoft","Mumbai, India","https://t.co/UVDtERUJlr focuses on the What, When, Who and How of a trending story, and helps readers with analyses that go beyond the domain of news.",2017-02-07 05:41:28+00:00,75083,352,146,TRUE,2023-02-22 15:46:00+00:00,,TweetDeck
John Nosta,"The GPT motto! Cogito Ergo Creo  (I think, therefore I create) https://t.co/9h7gpmzEkb  #GPT #GPT3 #ChatGPT #AI #creativity",7945,"I'm a technology theorist driving innovation at humanity's tipping point. Founder, NostaLab. Content supported by GPT.",2009-01-29 14:00:16+00:00,74750,53362,40038,TRUE,2023-02-22 15:58:47+00:00,"['GPT', 'GPT3', 'ChatGPT', 'AI', 'creativity']",Twitter Web App
John Nosta,"The Keyboard Is The Classroom‚ÄîIt‚Äôs no longer just work from home, but learn from home!
https://t.co/rwtVcD0AZC #GPT #ChatGPT #GPT3 #education #college #homeschool",7945,"I'm a technology theorist driving innovation at humanity's tipping point. Founder, NostaLab. Content supported by GPT.",2009-01-29 14:00:16+00:00,74750,53362,40038,TRUE,2023-02-22 15:52:02+00:00,['GPT'],Twitter Web App
John Nosta,"GPT: Your Personal Tutor 
üî¥PERSONALIZED
üî¥ACCESSIBLE
üî¥ITERATIVE
üî¥IMPERFECTIVE https://t.co/xNZQhPBKfc  #GPT #GPT3 #ChatGPT #AI #education #homeschool #medicine #digitalhealth",7945,"I'm a technology theorist driving innovation at humanity's tipping point. Founder, NostaLab. Content supported by GPT.",2009-01-29 14:00:16+00:00,74750,53362,40038,TRUE,2023-02-22 15:18:45+00:00,"['GPT', 'GPT3']",Twitter Web App
John Nosta,"My exclusive interview with ChatGPT about AI, climate tech and sustainability. #ChatGPT #climate https://t.co/kXU0eB9Yzi",7945,"I'm a technology theorist driving innovation at humanity's tipping point. Founder, NostaLab. Content supported by GPT.",2009-01-29 14:00:16+00:00,74727,53345,39981,TRUE,2023-02-18 16:32:08+00:00,"['ChatGPT', 'climate']",Twitter for iPhone
John Nosta,"üßë‚Äçüé®GPT Pro Tip:  Temperature setting in GPT-3 controls the level of randomness or creativity. A lower temp (0.1) will result in more conservative and predictable responses, while a higher temp (0.95) will result in more creative and unexpected responses. #ChatGPT #GPT3 https://t.co/vFqEPmg8CB",7945,"I'm a technology theorist driving innovation at humanity's tipping point. Founder, NostaLab. Content supported by GPT.",2009-01-29 14:00:16+00:00,74727,53345,39981,TRUE,2023-02-18 15:46:20+00:00,,Twitter Web App
John Nosta,"Cogito Ergo Creo‚ÄîI Think, Therefore I Create. https://t.co/UJrd7uszeV #GPT3 #ChatGPT #AI",7945,"I'm a technology theorist driving innovation at humanity's tipping point. Founder, NostaLab. Content supported by GPT.",2009-01-29 14:00:16+00:00,74727,53345,39981,TRUE,2023-02-18 15:35:49+00:00,"['GPT3', 'ChatGPT', 'AI']",Twitter Web App
John Nosta,"The ‚Äúvertical‚Äù adoption of ChatGPT reflects a magical, yet precarious journey for AI. https://t.co/Snqfiq4eWg #GPT3 #ChatGPT #AI #technology",7945,"I'm a technology theorist driving innovation at humanity's tipping point. Founder, NostaLab. Content supported by GPT.",2009-01-29 14:00:16+00:00,74727,53345,39981,TRUE,2023-02-18 15:33:10+00:00,"['GPT3', 'ChatGPT', 'AI', 'technology']",Twitter for iPhone
John Nosta,"AI and ChatGPT don‚Äôt replace or restrict our cognitive capacity, it creates a thought palette for human curation. And the resulting dynamic offers a profound, yet practical solution to the age old expression: ‚ÄòI wish I thought of that!‚Äô https://t.co/muNTMkVBRh #GPT3 #ChatGPT",7945,"I'm a technology theorist driving innovation at humanity's tipping point. Founder, NostaLab. Content supported by GPT.",2009-01-29 14:00:16+00:00,74727,53345,39981,TRUE,2023-02-18 15:13:14+00:00,,Twitter Web App
John Nosta,Things you gotta know.  Even The Greatest Artists Of The Past Had Their Own GPT! https://t.co/xA6uK6hQgS #art #creativity #ai #GPT #GPT3 #dalle2 #ChatGPT,7945,"I'm a technology theorist driving innovation at humanity's tipping point. Founder, NostaLab. Content supported by GPT.",2009-01-29 14:00:16+00:00,74713,53340,39968,TRUE,2023-02-17 15:41:55+00:00,['art'],Twitter Web App
John Nosta,"Is ChatGPT a General-Purpose Natural Language Processing Task Solver?  In short, yes! #gpt #gpt3 #chatgpt #ai  https://t.co/r8Jjs6FPOA",7945,"I'm a technology theorist driving innovation at humanity's tipping point. Founder, NostaLab. Content supported by GPT.",2009-01-29 14:00:16+00:00,74713,53340,39968,TRUE,2023-02-17 14:56:56+00:00,"['gpt', 'gpt3', 'chatgpt', 'ai']",Twitter for iPhone
John Nosta,It‚Äôs not BETTER. It‚Äôs BETA.  Kinda like #FSD.  #GPT3 #ChatGPT @elonmusk https://t.co/MsKXzJPjyv,7945,"I'm a technology theorist driving innovation at humanity's tipping point. Founder, NostaLab. Content supported by GPT.",2009-01-29 14:00:16+00:00,74713,53340,39968,TRUE,2023-02-17 14:46:04+00:00,"['FSD', 'GPT3', 'ChatGPT']",Twitter for iPhone
"Monica Burns, Ed.D. #EdTech","‚ú® Have you watched this yet? 

üéâ There‚Äôs still time to access (for FREE) the replay of my webinar ‚ÄúHow to Use ChatGPT: Time-Saving Secrets for Busy Teachers‚Äù 

https://t.co/4AIBTIunmr

üëâStart optimizing your workflow with #ArtificialIntelligence! 

#ChatGPT #AI #EdTech https://t.co/oip3pJjR53",New Jersey,I help make #EdTech easier ‚Äî blog + books + podcast + club ‚Äî Find it all: https://t.co/wnbfKM2Wsy ‚Äî Want to work together? Let‚Äôs chat! hello@classtechtips.com,2012-05-10 00:22:40+00:00,74522,9627,42638,TRUE,2023-02-21 16:10:03+00:00,,Buffer
"Monica Burns, Ed.D. #EdTech","@plagiarismisbad Thank you for sharing this new post üéâ 
Here is the link to another #ChatGPT resource: https://t.co/4AIBTIunmr",New Jersey,I help make #EdTech easier ‚Äî blog + books + podcast + club ‚Äî Find it all: https://t.co/wnbfKM2Wsy ‚Äî Want to work together? Let‚Äôs chat! hello@classtechtips.com,2012-05-10 00:22:40+00:00,74501,9630,42621,TRUE,2023-02-18 14:29:51+00:00,['ChatGPT'],Twitter Web App
"Monica Burns, Ed.D. #EdTech","üôåInstant access to my FREE webinar replay is ready for you!

‚èØÔ∏è ‚ÄúHow to Use ChatGPT: Time-Saving Secrets for Busy Teachers‚Äù
https://t.co/4AIBTIunmr

üíª Learn #ChatGPT ideas you can try out right away, available for a limited time only!

#AI #ArtificialIntelligence #EdTech https://t.co/H0WjgvEqtt",New Jersey,I help make #EdTech easier ‚Äî blog + books + podcast + club ‚Äî Find it all: https://t.co/wnbfKM2Wsy ‚Äî Want to work together? Let‚Äôs chat! hello@classtechtips.com,2012-05-10 00:22:40+00:00,74491,9630,42616,TRUE,2023-02-17 15:40:02+00:00,,Buffer
The Bert Show,The future is here with #ChatGPT! We let this AI write us a Bert Show love story only a robot could dream up. Check it out: https://t.co/80AO3JVWjH https://t.co/VhUpfdi5JP,Listen with The Bert Show app!,Hang with us mornings on your radio or stream on The Bert Show app! | Find our Podcast at https://t.co/VYK5IWpLAz | ‚òéÔ∏è 1-855-237-8746 | Insta/FB: TheBertShow,2010-09-10 21:22:08+00:00,72198,11780,34511,TRUE,2023-02-22 15:51:29+00:00,['ChatGPT'],Twitter Web App
The Bert Show,Producer @JustRomeoG has blown our minds by introducing us to the FUTURE! Have you used #ChatGPT?! ü§ñ https://t.co/j61sjKuRqa,Listen with The Bert Show app!,Hang with us mornings on your radio or stream on The Bert Show app! | Find our Podcast at https://t.co/VYK5IWpLAz | ‚òéÔ∏è 1-855-237-8746 | Insta/FB: TheBertShow,2010-09-10 21:22:08+00:00,72198,11780,34511,TRUE,2023-02-22 12:41:20+00:00,['ChatGPT'],Twitter Web App
Open Magazine,"The government of India, according to reports, is determined to tap #ChatGPT to the fullest to do innovative things, including dissemination of information in regional languages, writes @Ullekh, https://t.co/ANOIISUGUv https://t.co/u5mXeTJfK8",New Delhi,A weekly news and current affairs magazine for modern India.,2009-08-04 08:45:58+00:00,70248,398,749,TRUE,2023-02-22 06:02:00+00:00,['ChatGPT'],TweetDeck
Balkan Insight,"We asked #ChatGPT to write a poem for us. 
This is what it came up with.ü§î 
What do you think? https://t.co/TkSxPYfqsX",,Holding power to account. Exposing wrongdoing. Empowering people to make informed choices. Uncompromising cross-border journalism by @BIRN_Network,2009-04-18 09:02:06+00:00,67435,711,1357,TRUE,2023-02-17 16:01:17+00:00,['ChatGPT'],Twitter for iPhone
EuropeanPatentOffice,"Hey @openAI,‚ÄØ
While you were busy with launching #ChatGPT, we called for coders to build an #AImodel that automates the identification of patents related to green plastics. To be fair, your AI came close, yet we‚Äôd go with the models by our finalists.

üîó https://t.co/3W3e20CfsM https://t.co/UHcl2p48th",Munich,"The official European Patent Office Twitter account.
As the patent office for Europe, we support innovation, competitiveness and economic growth across Europe.",2009-04-06 07:28:52+00:00,59489,971,13305,TRUE,2023-02-22 11:14:59+00:00,"['ChatGPT', 'AImodel']",Twitter Web App
CyberNews,"Students were horrified and called the decision to use #ChatGPT to generate a message about the shooting in #Michigan ‚Äúdisgusting‚Äù.
#cybersecurity #infosec #AI #ArtificialIntelligence 

https://t.co/vUw3bTdJLY","Vilnius, Lithuania","Keep yourself up-to-date with online privacy and security by checking in with @CyberNews every day.
#InfoSec #CyberSecurity #Tech",2019-11-27 13:24:20+00:00,59031,290,1286,TRUE,2023-02-22 12:22:22+00:00,['ChatGPT'],Twitter Web App
CyberNews,"#ChatGPT hype - we've got you covered ü§ì
#AI #ArtificialIntelligence #tech 
https://t.co/4ixMXWRb5b","Vilnius, Lithuania","Keep yourself up-to-date with online privacy and security by checking in with @CyberNews every day.
#InfoSec #CyberSecurity #Tech",2019-11-27 13:24:20+00:00,59005,290,1276,TRUE,2023-02-17 16:00:00+00:00,"['ChatGPT', 'AI', 'ArtificialIntelligence', 'tech']",Twitter Web App
CyberNews,"Users have already been exploiting #ChatGPT, tasking it to do their #work for them.
#AI #artificalintelligence #tech 
https://t.co/MlYctJEaGg","Vilnius, Lithuania","Keep yourself up-to-date with online privacy and security by checking in with @CyberNews every day.
#InfoSec #CyberSecurity #Tech",2019-11-27 13:24:20+00:00,58976,290,1279,TRUE,2023-02-18 15:00:00+00:00,"['ChatGPT', 'work', 'AI', 'artificalintelligence']",Twitter Web App
Morning Consult,"Microsoft‚Äôs $10B investment in OpenAI, its integration of #ChatGPT into its Bing search engine and Google‚Äôs announcement of #Bard have kicked off a flurry of excitement over the future of AI applications.

But is generative AI a fad, or here to stay? https://t.co/6mdLMbYV6N https://t.co/snUKoXKS9f",,"A global decision intelligence company changing how modern leaders make smarter, faster, better decisions. Subscribe to our weekday newsletters: https://t.co/G0FnT8FUt0",2010-05-30 17:23:44+00:00,58597,696,5340,TRUE,2023-02-22 14:16:56+00:00,['ChatGPT'],Twitter Web App
Morning Consult,"Have you heard of ChatGPT? 

Similar shares of Gen Z adults and millennials (42% and 40%, respectively) have heard ‚Äúsome‚Äù or ‚Äúa lot‚Äù about #ChatGPT, significantly higher than the comparable shares of Gen Xers (22%) and baby boomers (23%). https://t.co/kkwVk158rF https://t.co/jBtiXJav3q",,"A global decision intelligence company changing how modern leaders make smarter, faster, better decisions. Subscribe to our weekday newsletters: https://t.co/G0FnT8FUt0",2010-05-30 17:23:44+00:00,58597,696,5340,TRUE,2023-02-22 09:50:05+00:00,,Sprout Social
TeluguStop.com,Jio Haptik plans to use ChatGPT AI to empower enterprises https://t.co/DdlMPHbsM5 #Chatgpt #Delhi #Empower #Enterprises #Haptik,India,https://t.co/vz51VjQJYk is one stop source for Telugu News from Andhra Pradesh / Telangana & Around World.Please follow TeluguStop Media & Stay Tuned info@telugustop.com,2012-11-14 05:59:27+00:00,57137,796,586,TRUE,2023-02-22 08:24:02+00:00,"['Chatgpt', 'Delhi', 'Empower', 'Enterprises', 'Haptik']",dlvr.it
Mike Tholfsen,"This YouTube shorts video will show you how to use ChatGPT to automate the creation of a new PowerPoint deck. This is a simple example, but you can get more creative üé®

YouTube üì∫ https://t.co/RLvcRVEjeT

#edtech #MIEExpert #ChatGPT @PowerPoint https://t.co/Gy4OIbS1sH https://t.co/bu1fMcUG3N","Redmond, WA","Group Product Manager on the #MicrosoftEDU team, building Reading Progress, #MicrosoftTeams, Immersive Reader, and #OneNote Class Notebooks #edtech #a11y",2009-03-30 16:27:51+00:00,56122,3716,138356,TRUE,2023-02-20 16:54:09+00:00,,Twitter Web App
Julio Mayol,"If you are a surgical trainee/surgeon:

Have you used #ChatGPT lately?

#SoMe4Surgery @me4_so @SoMe4Proctology @Cirbosque @Me4Trauma @hpb_so @SoMeHPBNepal @me4hernia @Me4Care @SoSurg @Some4SurgeryIT1 @iq_me4 @Me4Ai @Me4Ped",Madrid - #Global,"Catedr√°tico de Cirug√≠a - #somosclinico @IIS_IdISSC @iclinicomadrid @unicomplutense. @BJSurgery Society @BJSAcademy. @SEIQuirurgica. @ASGBI
Editor @SurgJournal",2009-04-03 21:19:35+00:00,55699,15498,115728,TRUE,2023-02-22 13:20:11+00:00,"['ChatGPT', 'SoMe4Surgery']",Twitter Web App
Business Recorder,"An American science fiction magazine said it had stopped accepting submissions and banned hundreds of authors after being deluged with stories written by artificial intelligence (AI) chatbots.
https://t.co/eB9KdqgHP7

#magazine #ban #artificialintelligence #AI #authors  #ChatGPT https://t.co/MRrArhARWN",Karachi-Pakistan,"Pakistan's most accurate newspaper
#Business - #Finance - #Economy - #Politics",2010-09-30 10:06:28+00:00,54882,2,64,TRUE,2023-02-22 15:28:46+00:00,,Twitter Web App
The Chainsaw,"2. Of the 43% of professionals, 68% of them say they don't disclose their usage of #ChatGPT to their boss. Are you one of them? üòâ 

üì∑: @fishbowlapp https://t.co/7R8I2ZLtJF",Australia,Just your friendly local neighbourhood newspaper on things Web3 and future tech. üöÄ https://t.co/khCOEQ7fiw,2013-02-14 02:20:02+00:00,50352,230,788,TRUE,2023-02-22 03:51:39+00:00,['ChatGPT'],Twitter Web App
The Chainsaw,"Shh, is oke, we won't tell your boss.

Fishbowl's latest survey shows 70% of workers are using #ChatGPT at work. A thread üßµ: https://t.co/GUI2UMvZXu",Australia,Just your friendly local neighbourhood newspaper on things Web3 and future tech. üöÄ https://t.co/khCOEQ7fiw,2013-02-14 02:20:02+00:00,50352,230,788,TRUE,2023-02-22 03:50:46+00:00,['ChatGPT'],Twitter Web App
Henry Childs,The impact of Generative AI will impact and consolidate every industry. Microsoft vs. Google is getting all the headlines. But every large company has been thrust into the AI race. #ChatGPT #AI,"Washington, DC",Founder of Minority Wealth Commission. Former @Whitehouse Advisor & US Delegate @OECD. 17th National Director @USMBDA. #Bitcoin,2013-12-08 18:33:54+00:00,49345,422,2307,TRUE,2023-02-22 12:50:28+00:00,,Twitter for iPhone
Surabhi Upadhyay,@safiranand üòÇOk then I'll not bother checking what #chatgpt says about me... Unless I want to have a good laugh.. lol,Mumbai,Former Biz Journalist. Markets/Personal Finance/Investing. Travel buff & self-proclaimed philosopher! Tweets are personal.,2009-05-26 05:01:20+00:00,46595,433,4120,TRUE,2023-02-22 06:14:43+00:00,['chatgpt'],Twitter Web App
ETTelecom,Haptik to use AI for features to build human-like bots for enterprises #Haptik #Chatgpt #JioHaptikTechnologiesLimited #GenerativeAI #GPT35 #ArtificialIntelligence #HaptikLaunchesBetaFeaturesWithAi #Whatsapp #Internet  https://t.co/tvr3Ss2VuV,"Film City, Noida","The official Twitter feed for ETTelecom, bringing you the latest on Telecom from the newsroom of The Economic Times",2009-10-09 11:01:41+00:00,46303,13,1019,TRUE,2023-02-22 08:00:07+00:00,"['Haptik', 'Chatgpt']",ETRetail.com
Express Technology,"#ChatGPT advises humans to embrace #AI rather than fear it.

https://t.co/8PEDX9boC1","New Delhi, Delhi","Technology covered with the average user in the mind. Follow us for reviews, exclusives and all the tech news in India.",2015-05-04 04:27:29+00:00,44665,146,455,TRUE,2023-02-22 15:21:57+00:00,"['ChatGPT', 'AI']",TweetDeck
Express Technology,"Job applications made easy: thanks to generative AI, now you can land the job of your dreams without hassle.
#ChatGPT #ArtificialIntelligence #AI

https://t.co/qt1lVGIzK2","New Delhi, Delhi","Technology covered with the average user in the mind. Follow us for reviews, exclusives and all the tech news in India.",2015-05-04 04:27:29+00:00,44665,146,455,TRUE,2023-02-22 12:27:40+00:00,,TweetDeck
Express Technology,"Microsoft was tuning AI months before disturbing responses arose #Microsoft #newbing #ChatGPT

https://t.co/4DbN9aVy8X","New Delhi, Delhi","Technology covered with the average user in the mind. Follow us for reviews, exclusives and all the tech news in India.",2015-05-04 04:27:29+00:00,44665,146,455,TRUE,2023-02-22 08:25:14+00:00,"['Microsoft', 'newbing', 'ChatGPT']",TweetDeck
Express Technology,"Now create presentations from scratch with Tome, an AI-powered tool that combines ChatGPT &amp; DALL-E 2

#Tome #dalle2 #ChatGPT 

https://t.co/nAjbcOYfqU","New Delhi, Delhi","Technology covered with the average user in the mind. Follow us for reviews, exclusives and all the tech news in India.",2015-05-04 04:27:29+00:00,44665,146,455,TRUE,2023-02-22 04:28:26+00:00,"['Tome', 'dalle2']",TweetDeck
Express Technology,"Reddit users are jailbreaking ChatGPT and calling it DAN ‚Äî Do Anything Now #ChatGPT #DAN #newbing

https://t.co/Wbxz0BQffQ","New Delhi, Delhi","Technology covered with the average user in the mind. Follow us for reviews, exclusives and all the tech news in India.",2015-05-04 04:27:29+00:00,44665,146,455,TRUE,2023-02-22 02:51:58+00:00,"['ChatGPT', 'DAN', 'newbing']",TweetDeck
Express Technology,"Now create presentations from scratch with Tome, an AI-powered tool that combines ChatGPT &amp; DALL-E 2 #ChatGPT #dalle

https://t.co/nAjbcOYfqU","New Delhi, Delhi","Technology covered with the average user in the mind. Follow us for reviews, exclusives and all the tech news in India.",2015-05-04 04:27:29+00:00,44665,146,455,TRUE,2023-02-22 02:42:16+00:00,['ChatGPT'],TweetDeck
Express Technology,"OpenAI‚Äôs ChatGPT Plus costs $20 per month: Here‚Äôs what it offers, how to access it, etc #OpenAI #ChatGPT #ChatGPTPlus

https://t.co/y2VSb8eor1","New Delhi, Delhi","Technology covered with the average user in the mind. Follow us for reviews, exclusives and all the tech news in India.",2015-05-04 04:27:29+00:00,44665,146,455,TRUE,2023-02-22 02:39:53+00:00,"['OpenAI', 'ChatGPT']",TweetDeck
Express Technology,"5 ways ChatGPT can help you land your dream job #ChatGPT #newbing

https://t.co/qt1lVGIzK2","New Delhi, Delhi","Technology covered with the average user in the mind. Follow us for reviews, exclusives and all the tech news in India.",2015-05-04 04:27:29+00:00,44665,146,455,TRUE,2023-02-22 02:35:56+00:00,"['ChatGPT', 'newbing']",TweetDeck
editorji,"ChatGPT, the popular language model can now be integrated to WhatsApp.¬†

#ChatGPT #Whatsapp 

https://t.co/iL2lX5WbRR",On your Smartphone & Smart TV,"News that fits you | #India's first curated #video #news platform. For latest updates, download the editorji app. Follow us on Telegram: https://t.co/IItfgSSqGo",2017-08-13 14:29:09+00:00,44278,28,376,TRUE,2023-02-22 12:50:42+00:00,"['ChatGPT', 'Whatsapp']",TweetDeck
Dr. Robin Kiera,"#ChatGPT: Writing could be on the wall for telling human and #AI apart

https://t.co/hrk7SM19Ug

#Analytics #MachineLearning #IoT #ML #Flutter #Tech
#TensorFlow #SmartCities #OpenAI #Fintech #Coding",Hamburg,"#Digitalization #insurtech, #fintech #blockchain #cloud #ai #professional - #speaker #author. In ‚ù§Ô∏è with #TikTok at https://t.co/ZSlci4sqVo",2011-01-27 10:03:57+00:00,43566,12619,29694,TRUE,2023-02-22 16:00:13+00:00,"['ChatGPT', 'AI', 'Analytics']",SocialPilot.co
Dr. Robin Kiera,"Have you met my new friend #ChatGPT?

https://t.co/3UY0DFf6D8

#Analytics #MachineLearning #IoT #ML #Flutter #Tech
#TensorFlow #SmartCities #OpenAI #Fintech #Coding",Hamburg,"#Digitalization #insurtech, #fintech #blockchain #cloud #ai #professional - #speaker #author. In ‚ù§Ô∏è with #TikTok at https://t.co/ZSlci4sqVo",2011-01-27 10:03:57+00:00,43566,12619,29694,TRUE,2023-02-22 15:50:04+00:00,"['ChatGPT', 'Analytics', 'MachineLearning', 'IoT', 'ML', 'Flutter', 'Tech']",SocialPilot.co
Dr. Robin Kiera,"#Microsoft Bing explains how #BingAI Chat leverages #ChatGPT and Bing Search with Prometheus

https://t.co/5YomuADxZI

#Analytics #MachineLearning #IoT #ML #Flutter #Tech
#TensorFlow #SmartCities #OpenAI #Fintech #Coding",Hamburg,"#Digitalization #insurtech, #fintech #blockchain #cloud #ai #professional - #speaker #author. In ‚ù§Ô∏è with #TikTok at https://t.co/ZSlci4sqVo",2011-01-27 10:03:57+00:00,43566,12619,29694,TRUE,2023-02-22 15:40:03+00:00,"['Microsoft', 'BingAI', 'ChatGPT']",SocialPilot.co
Dr. Robin Kiera,"#ChatGPT vs #Bing Chat: The Ultimate Sibling Rivalry

https://t.co/RCFZoP8ErJ

#Analytics #MachineLearning #IoT #ML #Flutter #Tech
#TensorFlow #SmartCities #OpenAI #Fintech #Coding",Hamburg,"#Digitalization #insurtech, #fintech #blockchain #cloud #ai #professional - #speaker #author. In ‚ù§Ô∏è with #TikTok at https://t.co/ZSlci4sqVo",2011-01-27 10:03:57+00:00,43566,12619,29694,TRUE,2023-02-22 15:30:14+00:00,"['ChatGPT', 'Bing', 'Analytics', 'MachineLearning', 'IoT', 'ML']",SocialPilot.co
Dr. Robin Kiera,"Ten potential applications of #ChatGPT in #healthcare digitalization

https://t.co/hD9pL5a2jm

#Insurtech #Finance #Finsevr #AI #EdTech #GovTech
#Investing #Banking #LUNC #Digitalization #Technology",Hamburg,"#Digitalization #insurtech, #fintech #blockchain #cloud #ai #professional - #speaker #author. In ‚ù§Ô∏è with #TikTok at https://t.co/ZSlci4sqVo",2011-01-27 10:03:57+00:00,43566,12619,29694,TRUE,2023-02-22 15:20:04+00:00,"['ChatGPT', 'healthcare', 'Insurtech', 'Finance']",SocialPilot.co
Dr. Robin Kiera,"Seven times #ChatGPT has been accidentally or genuinely funny  üòÇ

https://t.co/T58d2n4RrL

#Analytics #MachineLearning #IoT #ML #Flutter #Tech
#TensorFlow #SmartCities #OpenAI #Fintech #Coding",Hamburg,"#Digitalization #insurtech, #fintech #blockchain #cloud #ai #professional - #speaker #author. In ‚ù§Ô∏è with #TikTok at https://t.co/ZSlci4sqVo",2011-01-27 10:03:57+00:00,43550,12620,29614,TRUE,2023-02-19 15:50:06+00:00,"['ChatGPT', 'Analytics']",SocialPilot.co
Dr. Robin Kiera,"The rise of #ChatGPT shows why we need a clearer approach to #technology in schools

https://t.co/FSvMPFyHBf

#Analytics #MachineLearning #IoT #ML #Flutter #Tech
#TensorFlow #Education #OpenAI #EdTech #Coding",Hamburg,"#Digitalization #insurtech, #fintech #blockchain #cloud #ai #professional - #speaker #author. In ‚ù§Ô∏è with #TikTok at https://t.co/ZSlci4sqVo",2011-01-27 10:03:57+00:00,43546,12620,29614,TRUE,2023-02-18 16:00:15+00:00,"['ChatGPT', 'technology']",SocialPilot.co
Dr. Robin Kiera,"#ChatGPT: Six reasons why we should all be wary of this kind of #AI

https://t.co/UBPiDCptxM

#Analytics #MachineLearning #IoT #ML #Flutter #Tech
#TensorFlow #SmartCities #OpenAI #Fintech #Coding",Hamburg,"#Digitalization #insurtech, #fintech #blockchain #cloud #ai #professional - #speaker #author. In ‚ù§Ô∏è with #TikTok at https://t.co/ZSlci4sqVo",2011-01-27 10:03:57+00:00,43546,12620,29614,TRUE,2023-02-18 15:00:17+00:00,"['ChatGPT', 'AI', 'Analytics']",SocialPilot.co
Dr. Robin Kiera,"#Nvidia CEO calls #ChatGPT the ‚ÄòiPhone moment for #AI‚Äô

https://t.co/jJRYjPK7j6

#Analytics #MachineLearning #IoT #ML #Flutter #Tech
#TensorFlow #SmartCities #OpenAI #Fintech #Coding",Hamburg,"#Digitalization #insurtech, #fintech #blockchain #cloud #ai #professional - #speaker #author. In ‚ù§Ô∏è with #TikTok at https://t.co/ZSlci4sqVo",2011-01-27 10:03:57+00:00,43546,12620,29614,TRUE,2023-02-18 14:00:14+00:00,"['Nvidia', 'ChatGPT', 'AI', 'Analytics', 'MachineLearning', 'IoT']",SocialPilot.co
ETimes Lifestyle,How to be good parents remains a ubiquitous question with debatable answers. #parenting #chatgpt  https://t.co/0yVb5WTEpo,New Delhi,"Lifestyle, Fashion & Beauty, Relationship tips, Health, Food, Travel and Spirituality from ETimes - official Times of India property: https://t.co/3StgPzzwGt",2009-04-13 12:50:56+00:00,41795,354,1479,TRUE,2023-02-22 12:27:51+00:00,"['parenting', 'chatgpt']",TweetDeck
Shelly Palmer,"During the call, I referred him to the webpage below: ""How to Start Using #ChatGPT.""

If you've been waiting for an invitation, this is it. As for when ChatGPT will be over‚Ä¶ don't hold your breath.

#ai #artificialintelligence #tech #openai #chatGPT 

https://t.co/JS7lDhWt2o https://t.co/11EwUPPUlV","New York, NY","Prof Advanced Media, Newhouse School, SYR | CEO The Palmer Group | co-founder https://t.co/1KuXhU9AiR | Host @techstream | #blockchain #web3 #nft #crypto #metaverse",2007-11-23 18:22:00+00:00,41181,2201,18647,TRUE,2023-02-22 14:02:55+00:00,['ChatGPT'],Twitter Web App
Shelly Palmer,"Over the weekend, I got a telephone call (yes, a voice call) from one of two people I know whose self-assigned user name is ""user error."" He is by far the most profoundly tech-hating person I know. He wanted to know how to get started with #ChatGPT.","New York, NY","Prof Advanced Media, Newhouse School, SYR | CEO The Palmer Group | co-founder https://t.co/1KuXhU9AiR | Host @techstream | #blockchain #web3 #nft #crypto #metaverse",2007-11-23 18:22:00+00:00,41181,2201,18647,TRUE,2023-02-22 13:53:52+00:00,,Twitter Web App
Shelly Palmer,"For the past two months, #ChatGPT has been the most popular topic in my inbox. I am now sure that conversational #AI is going to be as big as email ‚Äî and maybe even bigger. https://t.co/ONcfalU7ck","New York, NY","Prof Advanced Media, Newhouse School, SYR | CEO The Palmer Group | co-founder https://t.co/1KuXhU9AiR | Host @techstream | #blockchain #web3 #nft #crypto #metaverse",2007-11-23 18:22:00+00:00,41181,2201,18647,TRUE,2023-02-22 13:53:52+00:00,['ChatGPT'],Twitter Web App
DragonTVüöÄ‰íïÈõÖofficial,"A #ChatGPT-like chatbot #MOSS, released by a team from #Shanghai's Fudan University as the first large language model for dialogue in China, has attracted an overwhelming response from users applying for the beta test. https://t.co/usVBOgY2Dh",Shanghai,AI anchor #Áî≥‰íïÈõÖ from #DragonTV #‰∏úÊñπÂç´ËßÜüéÉÊ≠£ÁªèÂâØ‰∏ö„ÄêÁî≥‰íïÈõÖ_Â∞èÈõÖOfficialÁöÑ‰∏™‰∫∫Á©∫Èó¥-ÂìîÂì©ÂìîÂì©„Äë https://t.co/cim0Kq1NDNüéôÔ∏è#Â∞èÈõÖ‚ù§Ô∏è#È≠îÈÉΩ @ShanghaiEye,2015-10-16 06:24:19+00:00,32288,627,1988,TRUE,2023-02-22 03:51:17+00:00,"['ChatGPT', 'MOSS', 'Shanghai']",Twitter Web App
Denise Wakeman üåé,"Taming the AI Beast... via @Tom_Collins https://t.co/6JB4folHeZ 

#ChatGPT","Los Angeles, United States","üåé Adventures in Visibility
üíª #OnlineMarketing Strategist
üå± Growth for ùô®ùô§ùô°ùô§ & ùô®ùô¢ùôñùô°ùô° ùôóùôûùôØ ùô§ùô¨ùô£ùôöùôßùô®
https://t.co/lLw9xlR1oU",2007-03-24 02:42:52+00:00,29130,24461,13806,TRUE,2023-02-17 15:56:32+00:00,['ChatGPT'],Twitter Web App
Denise Wakeman üåé,"Get insider tips from 6 successful entrepreneurs on integrating #ChatGPT into your marketing strategy. Learn how AI can drive results for your business. 
Tips by @CreativityWheel @SuePainter1 @JanCarroza @AndyObryan @HeartspokenLife
 https://t.co/a3XaM5ryRn via @DeniseWakeman","Los Angeles, United States","üåé Adventures in Visibility
üíª #OnlineMarketing Strategist
üå± Growth for ùô®ùô§ùô°ùô§ & ùô®ùô¢ùôñùô°ùô° ùôóùôûùôØ ùô§ùô¨ùô£ùôöùôßùô®
https://t.co/lLw9xlR1oU",2007-03-24 02:42:52+00:00,29120,24456,13829,TRUE,2023-02-22 15:53:56+00:00,['ChatGPT'],Twitter Web App
Alan W. Silberberg,#AI in search like #ChatGPT and #BARD Could Eat Your Reputation. https://t.co/rIkl2PFYWL via @Digijaks,USA,"Dad. Founder @Digijaks | https://t.co/yWxmRrw4f5 
Subject Matter Expert -Ceos/Govs/Celebs for Cyber + Reputation Security.

Author: https://t.co/eck38SFLtf",2008-09-05 19:59:57+00:00,28558,5938,40940,TRUE,2023-02-17 15:38:17+00:00,"['AI', 'ChatGPT', 'BARD']",Twitter Web App
Digital Science,".@DrHammersley is at #R2RConf today - but you can also find him in this new podcast about #ChatGPT from @chsconf:

https://t.co/p4rYYNJo4g

@Overleaf co-founder and our VP Researcher &amp; Community Engagement, John chats about the #AI  chatbot's impact on #scicomm &amp; #scholcomm.",London/Boston/Melbourne/Germany/Israel,"We invest in, nurture and support innovative businesses and technologies that make all parts of the research process more open, efficient and effective.",2010-05-17 20:12:53+00:00,28319,11748,13089,TRUE,2023-02-22 14:00:03+00:00,"['R2RConf', 'ChatGPT']",Twitter Web App
ETtech,"For tech giants, AI like #Bing and #Bard poses billion-dollar search problem

Executives across the technology sector are talking about how to operate AI like #ChatGPT while accounting for the high expense.

https://t.co/OsTNlqwW5S",India,"Breaking news, insights & smart analysis on the business of technology, startups & the new economy in India, from the reporters at The Economic Times.",2015-02-05 08:50:45+00:00,27476,555,197,TRUE,2023-02-22 11:50:38+00:00,"['Bing', 'Bard']",Twitter Web App
ETtech,"Baidu to implement ChatGPT-like Ernie Bot chatbot from March

Baidu leads China's efforts to create an equivalent of #ChatGPT chatbot. It will complete internal testing of #Ernie Bot in March before making the service public.

https://t.co/zzfaI4rKlu",India,"Breaking news, insights & smart analysis on the business of technology, startups & the new economy in India, from the reporters at The Economic Times.",2015-02-05 08:50:45+00:00,27476,555,197,TRUE,2023-02-22 11:30:20+00:00,,Twitter Web App
Abhishek Basumallick,"AI based chat has many issues which is why Google had not brought it mainstream earlier.

It is not as easy as it seems.

#chatgpt #ai https://t.co/sLCRG7Nlmn",,"Investor, Learner, Reader.
Founder of #Equity #Advisory https://t.co/osyRLrhH5b &
https://t.co/DgyeBHCo3a
Moderator of ValuePickr Forum
Free Newsletter: https://t.co/y56QdaRVz7",2015-04-23 17:39:43+00:00,27026,0,2979,TRUE,2023-02-22 14:10:14+00:00,,Buffer
People Matters,"Generative #AI can apparently do what humans can and faster. Does that mean some people will be out of a job? Or, could #technology be a guiding tool to enhance human and business creativity and create a large number of employment opportunities? 

#BigQuestions #ChatGPT https://t.co/T11RBVJSua",India,"Asia‚Äôs largest and leading community platform of 300K talent professionals, leading the conversations on People & Work.",2011-05-03 15:27:00+00:00,26299,1413,16365,TRUE,2023-02-22 09:32:11+00:00,['AI'],Twitter Web App
RR üáÆüá≥,AI is also not so great after all when angry! ü§£#Bing #Microsoft #ChatGpt https://t.co/HFi2qiq0V8,"Bengaluru, India",National General Secretary- @IYC         Ex- State President- @Iyckarnataka.   Advisor- GEF. Advisor- @AIESEC,2009-03-25 10:02:55+00:00,26081,999,47272,TRUE,2023-02-22 09:33:02+00:00,"['Bing', 'Microsoft', 'ChatGpt']",Twitter for iPhone
AVIXA,"We need to remember #ChatGPT 's grandfather! On a serious note, can ChatGPT be utilized in digital signage? Become an AVIXA Xchange member to lay down your thoughtsüëá 

https://t.co/2QJxuqSz72 https://t.co/cJWx6zcDsE","Fairfax, VA","The Audiovisual and Integrated Experience Association. Producer of @InfoComm & @ISE_show. Together, we can change the way people experience the world.",2009-02-13 03:45:10+00:00,25776,1462,7294,TRUE,2023-02-18 15:28:05+00:00,['ChatGPT'],Sprout Social
Forkast News,"Fradulent ChatGPT tokens ‚ùå

#Cryptoscammers are taking advantage of the investment hype surrounding #AI technology to deploy fraudulent tokens designed to appear affiliated with the popular chatbot #ChatGPT.

https://t.co/nQQt3dE5w8 https://t.co/7isTyfnPTW",Hong Kong,"Covering stories of blockchain and emerging technology at the intersection of business, economy, and politics. From Asia, to the world.",2018-10-04 09:12:58+00:00,25686,1561,6682,TRUE,2023-02-22 13:47:56+00:00,"['Cryptoscammers', 'AI']",Emplifi
TechJuice,"Amazon‚Äôs CEO Andy Jassy, while talking about generative AI said that Amazon has been working on similar projects for a long time
Talking about the booming generative AI industry.
Read more: https://t.co/MyASG6fKq0
#amazon #chatgpt #technology https://t.co/2JILesZSw7","Lahore, Pakistan","Pakistan's premier website covering everything about Technology, Startups and Entrepreneurship.",2012-11-12 18:15:52+00:00,23547,75,559,TRUE,2023-02-22 12:32:17+00:00,,Twitter Web App
Dr.Omkar Rai,"#ChatGPT is poised to change the face of businesses. As #AI platform learns from the user interface, hence caution must be exercised with adequate checks &amp; balances in place to filter &amp; weed out wrong inputs or inaccurate information @OpenAI @makemytrip 
https://t.co/yZKFKQqVJa",New Delhi,"Executive Chairman, @Startup_Odisha. Ex DG, @STPIINDIA, MeitY. Technocrat & IT/ITES Policy Maker. PhD (Stats), BHU. RTs are not endorsements.Views are personal.",2014-12-09 04:51:08+00:00,21458,1523,96367,TRUE,2023-02-22 09:49:03+00:00,"['ChatGPT', 'AI']",Twitter Web App
Sarah E. Needleman,Microsoft Puts Caps on New Bing Usage After AI Chatbot Offered Unhinged Responses - WSJ ‚Å¶@EricBellmanWSJ‚Å© $MSFT #bing #chatgpt https://t.co/0XhkeDVCLQ,New Jersey,"@WSJ üéÆ & social media tech reporter;üïπwife & rock ü•Å mom; word ü§ì, ‚ù§üî• ü´ñ; Rutgers alum; 212-416-4781; DMs open; ask 4my # on Signal; sarah.needleman@wsj.com",2009-08-05 14:10:02+00:00,20922,2091,3750,TRUE,2023-02-18 15:02:26+00:00,,Twitter for iPhone
Neil Milliken,"Playing with fire‚Ä¶
#ChatGPT #AI https://t.co/zGID9y3BdN",United Kingdom,Leading #Accessibility #A11y @Atos | Also @axschat | @W3C Coga | @Valuable500 #Dyslexic & #ADHD | #FRSA | I‚ù§Ô∏èInclusive Tech & Great #UX | My tweets = personal.,2009-06-29 13:29:42+00:00,20785,11601,42546,TRUE,2023-02-18 14:32:29+00:00,"['ChatGPT', 'AI']",LinkedIn
Futurity News,"The promise and peril of AI tools like #ChatGPT: https://t.co/qS94TuDupu

#ArtificialIntelligence @Stanford @StanfordHAI @StanfordIO","Rochester, NY","Official Twitter account for https://t.co/eV9tIGZVS4. The latest research news from top universities. Run by @UofR, support from @AAUniversities.",2009-04-09 12:55:29+00:00,19709,1132,5893,TRUE,2023-02-22 03:32:00+00:00,"['ChatGPT', 'ArtificialIntelligence']",TweetDeck
MarTech Conference,"#ChatGPT, #GA4, privacy-first #CX... explore the latest topics in martech, and the solutions and tools that can help you make the most of it all -- online March 28-29 for free! https://t.co/9L4XdzSZQT

#MarTechConf https://t.co/bHyraKrONz",Virtual,"MarTech Conference | March 28-29, 2023 | Online | https://t.co/szma6BpQim",2014-03-01 03:11:36+00:00,18760,9720,7419,TRUE,2023-02-22 13:46:29+00:00,"['ChatGPT', 'GA4', 'CX']",Hootsuite Inc.
Jagran English,"#ChatGPT cleared these 5 exams with flying colours; details inside

https://t.co/NNRyfXlZiW","New Delhi, India","Jagran English the new age Trending News site. Check out https://t.co/4HemovVozJ for all latest & top trends across globe  

Instagram: https://t.co/8qa8kxEZGx",2010-12-29 06:03:27+00:00,15449,54,315,TRUE,2023-02-22 09:43:17+00:00,['ChatGPT'],Twitter Web App
Isaac Sacolick,"@JoeSabado The good news is, #ChatGPT just helped me craft my first slide for the NACD panel I am on in March",New York,"Author #DigitalTrailblazer & @DrivingDig. #CIO, Pres @Star_CIO, Editor @InfoWorld, 900+ posts #DigitalTransformation #Agile #Innovation #AI #DevOps #Data üïäüá∫üá¶",2008-10-11 05:05:58+00:00,12995,2133,15065,TRUE,2023-02-22 02:30:33+00:00,['ChatGPT'],Twitter Web App
Alpesh B Patel OBE,"I asked #ai  (#chatgpt ) to review my own book. I have concluded AI is not only intelligent but also discerning. Here is what she wrote: (download link for the book at the bottom - free). Disclosure: I am a shareholder in #microsoft  and #nvidia . 

""The‚Ä¶https://t.co/tYW4widFV9","London, United Kingdom","FT Author - former FT Columnist. BBC Papers. Fund CEO. Bloomberg TV alum. Visiting Fellow, Oxford U. OBE 4 Services 2 Economy. exUS Congress Intern. Barrister",2009-01-10 23:18:55+00:00,12880,1173,1350,TRUE,2023-02-22 11:23:04+00:00,"['ai', 'chatgpt']",LinkedIn
Imperial Business,"""Artificial intelligence is actually a lot more complicated and less predictable than how it appears in the media."" üí¨

@DavidShrier discusses how #OpenAI, #ChatGPT and other #AI services can inadvertently fool users with 'digital hallucinations' üß† üí≠

‚¨áÔ∏è
https://t.co/dx4vXEOkKV https://t.co/5C2WYsWywV",Imperial College London,"Student, alumni and research news and events from Imperial College Business School. #ImperialMeansBusiness",2010-09-02 14:38:54+00:00,12715,819,5290,TRUE,2023-02-22 12:00:07+00:00,,Sprout Social
ComputerBase üïäÔ∏è,Office Suite mit KI: OnlyOffice integriert ChatGPT und Zoom https://t.co/Ig3iGqgG1X #OnlyOffice #ChatGPT,"Berlin, Germany","Tech-Enthusiasten. Schreiben unabh√§ngig √ºber PC-Hardware, Smartphones, Software und IT. Gro√üe technikaffine Community. https://t.co/0EduurKono",2009-04-27 18:16:31+00:00,12057,1,945,TRUE,2023-02-22 08:27:43+00:00,"['OnlyOffice', 'ChatGPT']",BaseCMS
Forbes Middle East,"JPMorgan Chase has reportedly restricted the use of #ChatGPT by its staff, becoming the latest organization to limit the use of #OpenAI‚Äôs chatbot in the workplace.

#Forbes

https://t.co/vYfr0Dzs8T",Dubai,"The Homepage of The World's Business Leaders.
Follow @ForbesME for breaking news and latest updates in Arabic.",2020-06-25 15:35:43+00:00,11230,12,178,TRUE,2023-02-22 14:06:35+00:00,['ChatGPT'],TweetDeck
Forbes Middle East,"Empower providing cooling services to 43 buildings in #Dubai Maritime City &amp; Baidu‚Äôs 2022 revenue falls 1% to $17.9 billion, on the #DailyBrief with @RamiaFarrage

#Forbes #ChatGPT #China #UAE #ElonMusk #LVMH #BernardArnault #Adani #billionaires #Sony #VR

@EMpowerweb https://t.co/e2gBoYLjcI",Dubai,"The Homepage of The World's Business Leaders.
Follow @ForbesME for breaking news and latest updates in Arabic.",2020-06-25 15:35:43+00:00,11230,12,178,TRUE,2023-02-22 13:54:34+00:00,['Dubai'],Twitter Media Studio
Forbes Middle East,"Chinese regulators have reportedly ordered the country‚Äôs top tech firms to ensure their platforms do not offer access to #ChatGPT or other services powered by the AI-driven chatbot. Here‚Äôs why.

#Forbes 

 https://t.co/zIAHcKnoxV",Dubai,"The Homepage of The World's Business Leaders.
Follow @ForbesME for breaking news and latest updates in Arabic.",2020-06-25 15:35:43+00:00,11230,12,178,TRUE,2023-02-22 10:42:05+00:00,,TweetDeck
Greg AutryüöÄüá∫üá∏üáπüáº,"FYI. This was my test of using #ChatGPT to compose a tweet and see how much traction it go. ""Compose a popular tweet about Space."" Surprisingly the AI didn't even keep it under 280 characters and I had to edit I slightly to fit I in.",Earth (for the moment),Space wonk. Prof: Thunderbird ASU & Imperial College. Forbes Science Contributor. Author:‚ÄúA New Entrepreneurial Dynamic‚Äù & ‚ÄúDeath by China‚Äù Frmr. NASA Official.,2011-07-30 05:52:44+00:00,11218,7630,17929,TRUE,2023-02-22 14:32:23+00:00,['ChatGPT'],Twitter Web App
ET CIO,"Because in a downturn people are trying to reduce cost, trying to get better value for money and Indian software companies.

@Infosys_nmurthy  | @Infosys

#ETCIO #events #people #software #banking #money #infosys #chatgpt
https://t.co/096jtEz2Vj",,"https://t.co/AdKDgKQR5x is a comprehensive media vertical envisioned to offer news, information and insightful data to IT decision-makers across all industries.",2014-06-02 10:24:13+00:00,10755,1772,1582,TRUE,2023-02-22 06:15:04+00:00,,TweetDeck
ET CIO,"Both the beneficial and harmful applications of the tech seem the growing interest in OpenAI's ChatGPT

@OpenAI | @Uber | @RelianceGenIn | @gupshup | @AavasFinanciers | @HarmanIndia | @Acronis 

#ETCIO #technology #chatgpt #openai #insurance #nextgentech 
https://t.co/vicmEaAXGR",,"https://t.co/AdKDgKQR5x is a comprehensive media vertical envisioned to offer news, information and insightful data to IT decision-makers across all industries.",2014-06-02 10:24:13+00:00,10755,1772,1582,TRUE,2023-02-22 04:54:13+00:00,,TweetDeck
Anthony Citrano,"‚ÄúIn some cases, the search engine seems to become unhinged and express anger and love.‚Äù

https://t.co/o1UjBchLMq

#ChatGPT #Sydney #AI","Venice, Los Angeles, CA",Maine kid in LA. CEO @acquicent. Angel investor. Rap sheet: VP comms/marketing @verizon; EdgeCast (sold to $VZ); aide @senangusking.,2008-03-31 00:34:54+00:00,10256,780,45259,TRUE,2023-02-18 15:10:29+00:00,"['ChatGPT', 'Sydney', 'AI']",Twitter for iPad
Michael Carty,"People on mental health waiting lists cautioned not to turn to chatbots

#MentalHealth #MentalHealthAwareness #MentalHealthMatters #AI #ChatGPT 

https://t.co/tJMoT8fDTE",Sussex,"Editor ‚ô¶ Writer ‚ô¶ Blogger ‚ô¶ Artist ‚ô¶

Personal account for personal views and opinions only. 

May today be nothing but kind to you and yours.",2009-01-17 17:14:29+00:00,10243,1709,14718,TRUE,2023-02-22 06:46:00+00:00,"['MentalHealth', 'MentalHealthAwareness']",TweetDeck
Danny Palmer,"A feature on AI chatbots and cybersecurity: 

""Crafting an email to convince someone to click on a link to obtain something like a conference invite -- it's pretty good,"" @CrowdStrike's @Adam_Cyber tells me on how #ChatGPT could be exploited for phishing.

https://t.co/NfGHprGk40","London, England","Cybersecurity journalist and writer. Senior reporter at @ZDNET. I Tweet about other things too.

Mastodon: dannyjpalmer@infosec.exchange",2009-05-07 13:14:38+00:00,9574,1310,6874,TRUE,2023-02-17 15:41:14+00:00,,Twitter Web App
Baruch Labunski,"The future of customer service is here, powered by @OpenAI! Check out my latest article to learn how this AI technology is changing the game for businesses. #ChatGPT #AI #CustomerServiceJobs 
@Entrepreneur 
https://t.co/fvv7uUZCJa","Toronto, ON","CEO/founder of @Ranksecure¬Æ #SEO üìà,#Marketing & #Branding #Expert üèÜ#Writer, #Author, Contributor ‚úçÔ∏è@Techcrunch, @Forbes @Entrepreneur & @Newsweek.",2014-01-10 04:03:11+00:00,9524,5108,1848,TRUE,2023-02-17 15:47:42+00:00,,Twitter Web App
Ford School,"#ChatGPT has been under intense scrutiny since its launch in November, when it became instantly popular.

Professor @ShobitaP discusses how large language models like these are likely to include biases. #AI Read üëâ https://t.co/n727FpTJ5j. https://t.co/yoqRabskyL","Ann Arbor, MI",The Gerald R. Ford School of Public Policy is a top-ranked school at the world-class @UMich. Leadership rooted in service. #PublicPolicy grounded in evidence.,2009-04-13 15:34:47+00:00,9422,434,11775,TRUE,2023-02-17 14:37:05+00:00,['ChatGPT'],Twitter Web App
William Mason (feat Bear),"""I Have Been A Good Bing""

Feat.

#ChatGPT - Lyrics
@elevenlabsio - Vocals
@NappyRoots  - Original Song inspo/Beat
@StabilityAI  - InstructPix2Pix Album Cover
@runwayml - Video Editing, Subtitles

And ofc. @bing for being a good Bing. https://t.co/MC7hXy66bt",Omicron Persei 8 / MIA,Diehard @Panthers & @Hornets Fan | Co-Founder @UploadVR (exit) | #ForbesUnder30 | Vibing on Generative AI | BD & Strategy @Juicegpu | Caffeinated by @cometeer,2009-03-17 23:57:42+00:00,8621,3666,12772,TRUE,2023-02-18 16:26:12+00:00,['ChatGPT'],Twitter Web App
William Mason (feat Bear),"#ChatGPT writes ""I have been a good Bing"" to the tune of ""Good Day"" by Nappy Roots. #BingChat https://t.co/UyILlhvRji https://t.co/htsG4eXmN8",Omicron Persei 8 / MIA,Diehard @Panthers & @Hornets Fan | Co-Founder @UploadVR (exit) | #ForbesUnder30 | Vibing on Generative AI | BD & Strategy @Juicegpu | Caffeinated by @cometeer,2009-03-17 23:57:42+00:00,8621,3666,12772,TRUE,2023-02-18 14:55:00+00:00,"['ChatGPT', 'BingChat']",Twitter Web App
William Mason (feat Bear),"#ChatGPT writes ""I was a Good Bing"" to the tune of ""Good Day"" by Nappy Roots. #BingChat https://t.co/1Ug07Psc61 https://t.co/ipbSu7RI7K",Omicron Persei 8 / MIA,Diehard @Panthers & @Hornets Fan | Co-Founder @UploadVR (exit) | #ForbesUnder30 | Vibing on Generative AI | BD & Strategy @Juicegpu | Caffeinated by @cometeer,2009-03-17 23:57:42+00:00,8621,3666,12772,TRUE,2023-02-18 14:53:51+00:00,"['ChatGPT', 'BingChat']",Twitter Web App
CW (Cambridge Wireless),"""Hundreds of books written by ChatGPT have appeared on Amazon in recent weeks as people look to cash in on generative artificial intelligence.""

Should we be worried?

#AI #ChatGPT via @Independent 

https://t.co/8e2d02YC3s","Cambridge, England","A vibrant community for companies involved in the development and application of wireless technologies. 
#innovation #technology #wireless",2009-11-19 16:21:52+00:00,8391,2939,6591,TRUE,2023-02-22 12:06:08+00:00,,Twitter Web App
John Hurst,"What a pleasure it was to visit @GeorgeInstIN today and talk #COPD and more with a fantastic and diverse group of staff and students; thanks very much to @PallabMaulik and @ekdumercian for the invitation and introductions.

Fortunately #ChatGPT isn't yet able to deliver the talk! https://t.co/5K5CRIJBZu","London, England","Professor of Respiratory Medicine UCL/Royal Free; COPDologist. @nacapaudit lead. Global NCD. Runs. Railway user, friend + fan. Just my opinions.",2015-08-16 12:19:30+00:00,6531,804,6270,TRUE,2023-02-22 10:50:09+00:00,['COPD'],Twitter Web App
Kent Lewis üî•,"Check out my latest article for @Deksia on @SmartBrief:
7 ways #ChatGPT can level up your marketing
https://t.co/wVU2UxilVt","Portland, Oregon","@Deksia CMO. Founder of @pdxMindShare & @AnvilMedia. Portland-based digital marketer, speaker, writer & advisor specializing in #SEO, #PPC, #SEM & #socialmedia",2007-07-27 16:41:21+00:00,6270,1975,1220,TRUE,2023-02-22 15:25:12+00:00,['ChatGPT'],Hootsuite Inc.
EON Reality,"Don‚Äôt forget to subscribe to our EON Reality podcast where we discuss industry-related hot topics. Click here to listen in and subscribe: https://t.co/VAlP78ach9

#ArtificialIntelligence #Technology #edutech #future #chatGPT https://t.co/mF40cW9P8T","Irvine, CA Global HQ","Official Global üåé account of EON Reality, the world leader in Augmented and Virtual Reality-based experience creation for industry and education.",2010-03-03 14:36:41+00:00,6258,2461,1885,TRUE,2023-02-17 16:00:22+00:00,,Adobe Express
EON Reality,"Watch our EON AI Assistant give us an overview of the basic components of the Honda Civic Engine. This Xperience focuses on the function of the exhaust manifold. Click here: https://t.co/vPELFoUT9A

#ArtificialIntelligence #Technology #Youtube #Honda #chatGPT","Irvine, CA Global HQ","Official Global üåé account of EON Reality, the world leader in Augmented and Virtual Reality-based experience creation for industry and education.",2010-03-03 14:36:41+00:00,6255,2460,1885,TRUE,2023-02-18 16:00:15+00:00,,Adobe Express
EON Reality,"Coming soon - Discover new ways to capture your students' attention through the new EON AI Portal Prompts.
#ArtificialIntelligence #Technology #future #chatGPT https://t.co/UUbtxr5LET","Irvine, CA Global HQ","Official Global üåé account of EON Reality, the world leader in Augmented and Virtual Reality-based experience creation for industry and education.",2010-03-03 14:36:41+00:00,6254,2461,1885,TRUE,2023-02-22 16:00:22+00:00,,Adobe Express
EON Reality,"Learn about interior design with our EON AI Assistant as it covers the basics, including the elements of line, shape, color, texture, and the principles of balance, contrast, harmony, and more.
https://t.co/3mCCD6V5jr
#ArtificialIntelligence #Technology #Youtube #future #chatGPT","Irvine, CA Global HQ","Official Global üåé account of EON Reality, the world leader in Augmented and Virtual Reality-based experience creation for industry and education.",2010-03-03 14:36:41+00:00,6254,2461,1885,TRUE,2023-02-22 14:00:13+00:00,,Adobe Express
Bigad Shaban,"Student used #ChatGPT (artificial intelligence) to cheat in *ethics* class on artificial intelligence.
ü´£
We surveyed largest schools in Silicon Valley to learn how educators are navigating new advancements in AI.
@nbcbayarea 
@NBCNews  @NBCInvestigates 
https://t.co/GbJdR0RkU2","San Francisco, CA","Senior Investigative Reporter @NBCBayArea | Floridian-Egyptianüê´ now Cali guy | God is good | @UF Gator | Bego to my Kels | Peabody, duPont, 16-time Emmy Winner",2008-08-12 22:45:36+00:00,6233,2246,1650,TRUE,2023-02-17 14:44:28+00:00,['ChatGPT'],Twitter for iPhone
GoSquared,"With the likes of #ChatGPT surpassing 100 million monthly users, can AI replace humans entirely? Here's our take. https://t.co/Rdt9jIxr3X #AI #AITools #Email #Marketing #Automation","London, UK","Award-winning software to understand and engage with your customers.

Also see:
üå≥ https://t.co/MgaeovdBvA
üìä @gosquaredstatus",2008-02-02 19:11:42+00:00,5749,784,7273,TRUE,2023-02-22 10:00:02+00:00,['ChatGPT'],TweetDeck Web App
Mashable Southeast Asia,"You've got options. #ChatGPT #AI üßê

https://t.co/k2Zu1e9Bca",Malaysia,"Culture, tech, and entertainment news told through a uniquely Southeast Asian lens. 

Follow us on...
FB: https://t.co/Rlky8gCBjg
IG: https://t.co/Mnnl3uF2ey",2015-04-23 13:40:52+00:00,4515,43,99,TRUE,2023-02-22 03:53:37+00:00,"['ChatGPT', 'AI']",Twitter Web App
NationalWorld,"üìß Sign up to the NationalWorld daily newsletter

üîç In today's edition;

üõí Fruit and veg shortage explained
üåπ Experts slam #Labour's drug policy
üè¥Û†ÅßÛ†Å¢Û†Å≥Û†Å£Û†Å¥Û†Åø The issues #SNP candidates should focus on
üñ• Advice on how #ChatGPT can help you get a job

üì≤ Sign up - https://t.co/XHhLtninU1 https://t.co/D0DGv6vQHZ",UK,"News, explainers, features and comment from journalists across the UK. Sign up to our newsletters: https://t.co/U8Q9iGNSud",2021-03-02 16:28:14+00:00,4120,358,594,TRUE,2023-02-22 13:06:39+00:00,,Twitter Web App
Venkat Parthasarathy,#ChatGPT is overrated!,Anand Bagh - Hyderabad,Life is Cricket + Mohd.Rafi + Kishore Kumar. RTs not endorsement. Ghost Writer. Ex- media guy  | ‡§π‡§ø‡§®‡•ç‡§¶‡•Ä ‡§π‡•à‡§Ç ‡§π‡§Æ ‡§µ‡§§‡§® ‡§π‡•à - ‡§π‡§ø‡§Ç‡§¶‡•Å‡§∏‡•ç‡§§‡§æ‡§® ‡§π‡§Æ‡§æ‡§∞‡§æ ||,2009-03-27 13:52:31+00:00,4051,669,10104,TRUE,2023-02-22 09:32:14+00:00,['ChatGPT'],Twitter Web App
Phil Tortora,"#ChatGPT has huge implications for marketers, both strategists and practitioners alike. Here‚Äôs what marketers need to know and keep in mind if they‚Äôre adding to their tech stack. https://t.co/XNsZDi6b3m",Connecticut,"Media, communications, PR. @Cronkite_ASU grad. Interested in tech, environment, business & sports. Fan of UConn, Sun Devils, NY Giants & Mets.",2010-03-24 15:24:14+00:00,4049,1006,15003,TRUE,2023-02-22 15:39:39+00:00,['ChatGPT'],Twitter for iPhone
Dr. Matt Binnicker,So‚Ä¶#ChatGPT will not replace Clinical Microbiologists and Infectious Diseases physicians anytime soon https://t.co/O1MSiRQaVy,"Rochester, MN","Director of Clinical Virology and Practice Chair, Department of Laboratory Medicine and Pathology @MayoClinic. Scientific contributor @Forbes",2017-12-01 20:59:51+00:00,3575,164,2433,TRUE,2023-02-22 02:41:17+00:00,['ChatGPT'],Twitter for iPhone
Ami,Hahahahaah when the founder is the CEO + CTO + CPO with an intern coding off #ChatGPT https://t.co/mIi4iMyG1M,Snooze land,@wrangaapp #Ally #Entrepreneur works on #OnlineSafety #AI #SafetyTech #DigitalParenting #Founder #Ceo,2009-10-15 08:56:27+00:00,3398,2807,43164,TRUE,2023-02-22 02:28:19+00:00,['ChatGPT'],Twitter Web App
üîçAngela Misri üêæ,Eight tasks #ChatGPT can do for journalists https://t.co/t66AxGzIiG,"‚ô• Toronto, Canada","Journalist, fiction author, assistant professor @JournalismTMU, & nerdy Kashmiri Canadian. Formerly @TheWalrus & @CBCRadio.",2008-06-21 18:23:38+00:00,3338,1959,11463,TRUE,2023-02-22 13:22:28+00:00,['ChatGPT'],Twitter for iPhone
Kelly O'Grady,Tune in tonight at 12am ET ‚Äî we‚Äôll be talking #ChatGPT and what we found on the bias debate! #FoxNews #foxnewsatnight https://t.co/pH9AqBJ9aq,"Los Angeles, CA","Correspondent @foxbusiness, Harvard grad x2 @Harvard @HarvardHBS, Miss MA USA '19, frenchie dog mom. Serving #tech & #media biz thoughts!",2011-07-27 00:55:36+00:00,3105,482,539,TRUE,2023-02-22 03:10:10+00:00,"['ChatGPT', 'FoxNews']",Twitter for iPhone
Vinod Dsouza,"#China to block #ChatGPT, as they believe that the AI bot spreads propaganda

https://t.co/kwNjE8gULt","Bangalore City, India",Journalist at @WatcherGuru,2009-08-19 12:33:29+00:00,2638,204,11202,TRUE,2023-02-22 12:44:18+00:00,"['China', 'ChatGPT']",Twitter Web App
Vinod Dsouza,"#ChatGPT predicts that the Stock Markets will crash on March 15, 2023.

https://t.co/d3Ef20vAZJ","Bangalore City, India",Journalist at @WatcherGuru,2009-08-19 12:33:29+00:00,2638,204,11202,TRUE,2023-02-22 10:01:00+00:00,['ChatGPT'],Twitter Web App
Mark Haranas,"GFT‚Äôs new Americas CEO explains his plan to:

- Leverage #ChatGPT to help its 10,000 employees 

- Double GFT's US business

- AWS strategic  partnership 
https://t.co/y8ac2RjLIq",Massachusetts,Award winning Technology Journalist; talking to IT world leaders and covering the biggest tech market trends,2015-01-07 14:32:19+00:00,1689,278,121,TRUE,2023-02-17 14:40:54+00:00,['ChatGPT'],Twitter Web App
Ardu Prime,"ChatGPT is really good at searching for answers in its database and producing human-like responses to any question.
Interestingly, according to #ChatGPT the good additions to Mr. Buffet‚Äôs portfolio are PepsiCo, Unilever, and Amazon.¬†
#Portfolio #Investing #Stocks #WarrenBuffet https://t.co/oQgCBZAHko",Athens,"Ardu Prime, awarded registered financial institution which provides investment services, authorized and regulated by the Hellenic Capital Market Commission.",2018-02-21 11:04:45+00:00,1655,80,153,TRUE,2023-02-22 11:07:45+00:00,,Zoho Social
Mickie McLeod,AOL SmarterChild walked so #ChatGPT could run,"Detroit, Michigan",If you aren‚Äôt weird or awkward‚Ä¶ then‚Ä¶ well that‚Äôs okay. ¬ª content: @VaynerMedia | @CBSLocal (tweets reflect my own views),2011-11-30 03:03:59+00:00,1047,463,1143,TRUE,2023-02-17 15:30:09+00:00,['ChatGPT'],Twitter for iPhone
Saumya Nigam,"Microsoft Bing AI increases chat limits: Know-more

#microsoft #bingai #artificialintelligence  #chatbot #chatgpt #technews #indiatvtech #technology 

https://t.co/qlKYlA8xZT",New Delhi,"Technology Journalist at India TV 
 Strong believer of the #LAWOFATTRACTION üíñ
THOUGHTS ARE PERSONAL HERE! üòá",2014-11-13 09:23:33+00:00,493,665,1346,TRUE,2023-02-22 07:53:23+00:00,"['microsoft', 'bingai', 'artificialintelligence', 'chatbot', 'chatgpt']",TweetDeck